Te, Xe+0, Xe+1, Xe+2, Xe+3, Xe+4, Xe+5, Xe+6, Xe+7, Xe+8, Xe+9, Xe+10, Xe+11, Xe+12, Xe+13, Xe+14, Xe+15, Xe+16, Xe+17, Xe+18, Xe+19, Xe+20, Xe+21, Xe+22, Xe+23, Xe+24, Xe+25, Xe+26, Xe+27, Xe+28, Xe+29, Xe+30, Xe+31, Xe+32, Xe+33, Xe+34, Xe+35, Xe+36, Xe+37, Xe+38, Xe+39, Xe+40, Xe+41, Xe+42, Xe+43, Xe+44, Xe+45, Xe+46, Xe+47, Xe+48, Xe+49, Xe+50, Xe+51, Xe+52, Xe+53, Xe+54
1.0000e+00, 3.9627e-02, 9.6036e-01, 1.1576e-05, 1.1542e-16, 1.4856e-33, 1.0000e-36, 1.0000e-36, 1.0000e-36, 1.0000e-36, 1.0000e-36, 1.0000e-36, 1.0000e-36, 1.0000e-36, 1.0000e-36, 1.0000e-36, 1.0000e-36, 1.0000e-36, 1.0000e-36, 1.0000e-36, 1.0000e-36, 1.0000e-36, 1.0000e-36, 1.0000e-36, 1.0000e-36, 1.0000e-36, 1.0000e-36, 1.0000e-36, 1.0000e-36, 1.0000e-36, 1.0000e-36, 1.0000e-36, 1.0000e-36, 1.0000e-36, 1.0000e-36, 1.0000e-36, 1.0000e-36, 1.0000e-36, 1.0000e-36, 1.0000e-36, 1.0000e-36, 1.0000e-36, 1.0000e-36, 1.0000e-36, 1.0000e-36, 1.0000e-36, 1.0000e-36, 1.0000e-36, 1.0000e-36, 1.0000e-36, 1.0000e-36, 1.0000e-36, 1.0000e-36, 1.0000e-36, 1.0000e-36, 1.0000e-36
1.1052e+00, 1.2165e-02, 9.8772e-01, 1.1644e-04, 3.4555e-14, 3.7455e-29, 1.0000e-36, 1.0000e-36, 1.0000e-36, 1.0000e-36, 1.0000e-36, 1.0000e-36, 1.0000e-36, 1.0000e-36, 1.0000e-36, 1.0000e-36, 1.0000e-36, 1.0000e-36, 1.0000e-36, 1.0000e-36, 1.0000e-36, 1.0000e-36, 1.0000e-36, 1.0000e-36, 1.0000e-36, 1.0000e-36, 1.0000e-36, 1.0000e-36, 1.0000e-36, 1.0000e-36, 1.0000e-36, 1.0000e-36, 1.0000e-36, 1.0000e-36, 1.0000e-36, 1.0000e-36, 1.0000e-36, 1.0000e-36, 1.0000e-36, 1.0000e-36, 1.0000e-36, 1.0000e-36, 1.0000e-36, 1.0000e-36, 1.0000e-36, 1.0000e-36, 1.0000e-36, 1.0000e-36, 1.0000e-36, 1.0000e-36, 1.0000e-36, 1.0000e-36, 1.0000e-36, 1.0000e-36, 1.0000e-36, 1.0000e-36
1.2215e+00, 3.8654e-03, 9.9510e-01, 1.0297e-03, 7.3818e-12, 5.4359e-25, 1.0000e-36, 1.0000e-36, 1.0000e-36, 1.0000e-36, 1.0000e-36, 1.0000e-36, 1.0000e-36, 1.0000e-36, 1.0000e-36, 1.0000e-36, 1.0000e-36, 1.0000e-36, 1.0000e-36, 1.0000e-36, 1.0000e-36, 1.0000e-36, 1.0000e-36, 1.0000e-36, 1.0000e-36, 1.0000e-36, 1.0000e-36, 1.0000e-36, 1.0000e-36, 1.0000e-36, 1.0000e-36, 1.0000e-36, 1.0000e-36, 1.0000e-36, 1.0000e-36, 1.0000e-36, 1.0000e-36, 1.0000e-36, 1.0000e-36, 1.0000e-36, 1.0000e-36, 1.0000e-36, 1.0000e-36, 1.0000e-36, 1.0000e-36, 1.0000e-36, 1.0000e-36, 1.0000e-36, 1.0000e-36, 1.0000e-36, 1.0000e-36, 1.0000e-36, 1.0000e-36, 1.0000e-36, 1.0000e-36, 1.0000e-36
1.3500e+00, 1.3496e-03, 9.9133e-01, 7.3196e-03, 8.5322e-10, 2.8290e-21, 1.0000e-36, 1.0000e-36, 1.0000e-36, 1.0000e-36, 1.0000e-36, 1.0000e-36, 1.0000e-36, 1.0000e-36, 1.0000e-36, 1.0000e-36, 1.0000e-36, 1.0000e-36, 1.0000e-36, 1.0000e-36, 1.0000e-36, 1.0000e-36, 1.0000e-36, 1.0000e-36, 1.0000e-36, 1.0000e-36, 1.0000e-36, 1.0000e-36, 1.0000e-36, 1.0000e-36, 1.0000e-36, 1.0000e-36, 1.0000e-36, 1.0000e-36, 1.0000e-36, 1.0000e-36, 1.0000e-36, 1.0000e-36, 1.0000e-36, 1.0000e-36, 1.0000e-36, 1.0000e-36, 1.0000e-36, 1.0000e-36, 1.0000e-36, 1.0000e-36, 1.0000e-36, 1.0000e-36, 1.0000e-36, 1.0000e-36, 1.0000e-36, 1.0000e-36, 1.0000e-36, 1.0000e-36, 1.0000e-36, 1.0000e-36
1.4920e+00, 5.0962e-04, 9.5865e-01, 4.0843e-02, 5.4202e-08, 5.3107e-18, 1.8521e-32, 1.0000e-36, 1.0000e-36, 1.0000e-36, 1.0000e-36, 1.0000e-36, 1.0000e-36, 1.0000e-36, 1.0000e-36, 1.0000e-36, 1.0000e-36, 1.0000e-36, 1.0000e-36, 1.0000e-36, 1.0000e-36, 1.0000e-36, 1.0000e-36, 1.0000e-36, 1.0000e-36, 1.0000e-36, 1.0000e-36, 1.0000e-36, 1.0000e-36, 1.0000e-36, 1.0000e-36, 1.0000e-36, 1.0000e-36, 1.0000e-36, 1.0000e-36, 1.0000e-36, 1.0000e-36, 1.0000e-36, 1.0000e-36, 1.0000e-36, 1.0000e-36, 1.0000e-36, 1.0000e-36, 1.0000e-36, 1.0000e-36, 1.0000e-36, 1.0000e-36, 1.0000e-36, 1.0000e-36, 1.0000e-36, 1.0000e-36, 1.0000e-36, 1.0000e-36, 1.0000e-36, 1.0000e-36, 1.0000e-36
1.6490e+00, 1.8645e-04, 8.2698e-01, 1.7283e-01, 2.1689e-06, 4.5540e-15, 7.7438e-28, 1.0000e-36, 1.0000e-36, 1.0000e-36, 1.0000e-36, 1.0000e-36, 1.0000e-36, 1.0000e-36, 1.0000e-36, 1.0000e-36, 1.0000e-36, 1.0000e-36, 1.0000e-36, 1.0000e-36, 1.0000e-36, 1.0000e-36, 1.0000e-36, 1.0000e-36, 1.0000e-36, 1.0000e-36, 1.0000e-36, 1.0000e-36, 1.0000e-36, 1.0000e-36, 1.0000e-36, 1.0000e-36, 1.0000e-36, 1.0000e-36, 1.0000e-36, 1.0000e-36, 1.0000e-36, 1.0000e-36, 1.0000e-36, 1.0000e-36, 1.0000e-36, 1.0000e-36, 1.0000e-36, 1.0000e-36, 1.0000e-36, 1.0000e-36, 1.0000e-36, 1.0000e-36, 1.0000e-36, 1.0000e-36, 1.0000e-36, 1.0000e-36, 1.0000e-36, 1.0000e-36, 1.0000e-36, 1.0000e-36
1.8225e+00, 5.3821e-05, 5.2654e-01, 4.7336e-01, 5.0339e-05, 1.7480e-12, 1.0400e-23, 1.0000e-36, 1.0000e-36, 1.0000e-36, 1.0000e-36, 1.0000e-36, 1.0000e-36, 1.0000e-36, 1.0000e-36, 1.0000e-36, 1.0000e-36, 1.0000e-36, 1.0000e-36, 1.0000e-36, 1.0000e-36, 1.0000e-36, 1.0000e-36, 1.0000e-36, 1.0000e-36, 1.0000e-36, 1.0000e-36, 1.0000e-36, 1.0000e-36, 1.0000e-36, 1.0000e-36, 1.0000e-36, 1.0000e-36, 1.0000e-36, 1.0000e-36, 1.0000e-36, 1.0000e-36, 1.0000e-36, 1.0000e-36, 1.0000e-36, 1.0000e-36, 1.0000e-36, 1.0000e-36, 1.0000e-36, 1.0000e-36, 1.0000e-36, 1.0000e-36, 1.0000e-36, 1.0000e-36, 1.0000e-36, 1.0000e-36, 1.0000e-36, 1.0000e-36, 1.0000e-36, 1.0000e-36, 1.0000e-36
2.0142e+00, 1.1195e-05, 2.2661e-01, 7.7278e-01, 5.9345e-04, 2.6588e-10, 4.0532e-20, 2.3009e-33, 1.0000e-36, 1.0000e-36, 1.0000e-36, 1.0000e-36, 1.0000e-36, 1.0000e-36, 1.0000e-36, 1.0000e-36, 1.0000e-36, 1.0000e-36, 1.0000e-36, 1.0000e-36, 1.0000e-36, 1.0000e-36, 1.0000e-36, 1.0000e-36, 1.0000e-36, 1.0000e-36, 1.0000e-36, 1.0000e-36, 1.0000e-36, 1.0000e-36, 1.0000e-36, 1.0000e-36, 1.0000e-36, 1.0000e-36, 1.0000e-36, 1.0000e-36, 1.0000e-36, 1.0000e-36, 1.0000e-36, 1.0000e-36, 1.0000e-36, 1.0000e-36, 1.0000e-36, 1.0000e-36, 1.0000e-36, 1.0000e-36, 1.0000e-36, 1.0000e-36, 1.0000e-36, 1.0000e-36, 1.0000e-36, 1.0000e-36, 1.0000e-36, 1.0000e-36, 1.0000e-36, 1.0000e-36
2.2262e+00, 2.0258e-06, 7.9828e-02, 9.1600e-01, 4.1675e-03, 1.9012e-08, 5.5201e-17, 8.8033e-29, 1.0000e-36, 1.0000e-36, 1.0000e-36, 1.0000e-36, 1.0000e-36, 1.0000e-36, 1.0000e-36, 1.0000e-36, 1.0000e-36, 1.0000e-36, 1.0000e-36, 1.0000e-36, 1.0000e-36, 1.0000e-36, 1.0000e-36, 1.0000e-36, 1.0000e-36, 1.0000e-36, 1.0000e-36, 1.0000e-36, 1.0000e-36, 1.0000e-36, 1.0000e-36, 1.0000e-36, 1.0000e-36, 1.0000e-36, 1.0000e-36, 1.0000e-36, 1.0000e-36, 1.0000e-36, 1.0000e-36, 1.0000e-36, 1.0000e-36, 1.0000e-36, 1.0000e-36, 1.0000e-36, 1.0000e-36, 1.0000e-36, 1.0000e-36, 1.0000e-36, 1.0000e-36, 1.0000e-36, 1.0000e-36, 1.0000e-36, 1.0000e-36, 1.0000e-36, 1.0000e-36, 1.0000e-36
2.4604e+00, 3.7777e-07, 2.7429e-02, 9.5100e-01, 2.1565e-02, 8.0974e-07, 3.3646e-14, 1.0386e-24, 1.0000e-36, 1.0000e-36, 1.0000e-36, 1.0000e-36, 1.0000e-36, 1.0000e-36, 1.0000e-36, 1.0000e-36, 1.0000e-36, 1.0000e-36, 1.0000e-36, 1.0000e-36, 1.0000e-36, 1.0000e-36, 1.0000e-36, 1.0000e-36, 1.0000e-36, 1.0000e-36, 1.0000e-36, 1.0000e-36, 1.0000e-36, 1.0000e-36, 1.0000e-36, 1.0000e-36, 1.0000e-36, 1.0000e-36, 1.0000e-36, 1.0000e-36, 1.0000e-36, 1.0000e-36, 1.0000e-36, 1.0000e-36, 1.0000e-36, 1.0000e-36, 1.0000e-36, 1.0000e-36, 1.0000e-36, 1.0000e-36, 1.0000e-36, 1.0000e-36, 1.0000e-36, 1.0000e-36, 1.0000e-36, 1.0000e-36, 1.0000e-36, 1.0000e-36, 1.0000e-36, 1.0000e-36
2.7192e+00, 7.4249e-08, 9.4625e-03, 9.0178e-01, 8.8732e-02, 2.2733e-05, 1.0300e-11, 4.3771e-21, 1.9928e-34, 1.0000e-36, 1.0000e-36, 1.0000e-36, 1.0000e-36, 1.0000e-36, 1.0000e-36, 1.0000e-36, 1.0000e-36, 1.0000e-36, 1.0000e-36, 1.0000e-36, 1.0000e-36, 1.0000e-36, 1.0000e-36, 1.0000e-36, 1.0000e-36, 1.0000e-36, 1.0000e-36, 1.0000e-36, 1.0000e-36, 1.0000e-36, 1.0000e-36, 1.0000e-36, 1.0000e-36, 1.0000e-36, 1.0000e-36, 1.0000e-36, 1.0000e-36, 1.0000e-36, 1.0000e-36, 1.0000e-36, 1.0000e-36, 1.0000e-36, 1.0000e-36, 1.0000e-36, 1.0000e-36, 1.0000e-36, 1.0000e-36, 1.0000e-36, 1.0000e-36, 1.0000e-36, 1.0000e-36, 1.0000e-36, 1.0000e-36, 1.0000e-36, 1.0000e-36, 1.0000e-36
3.0053e+00, 1.4050e-08, 3.0075e-03, 7.2351e-01, 2.7308e-01, 4.0264e-04, 1.5826e-09, 6.9019e-18, 1.0883e-29, 1.0000e-36, 1.0000e-36, 1.0000e-36, 1.0000e-36, 1.0000e-36, 1.0000e-36, 1.0000e-36, 1.0000e-36, 1.0000e-36, 1.0000e-36, 1.0000e-36, 1.0000e-36, 1.0000e-36, 1.0000e-36, 1.0000e-36, 1.0000e-36, 1.0000e-36, 1.0000e-36, 1.0000e-36, 1.0000e-36, 1.0000e-36, 1.0000e-36, 1.0000e-36, 1.0000e-36, 1.0000e-36, 1.0000e-36, 1.0000e-36, 1.0000e-36, 1.0000e-36, 1.0000e-36, 1.0000e-36, 1.0000e-36, 1.0000e-36, 1.0000e-36, 1.0000e-36, 1.0000e-36, 1.0000e-36, 1.0000e-36, 1.0000e-36, 1.0000e-36, 1.0000e-36, 1.0000e-36, 1.0000e-36, 1.0000e-36, 1.0000e-36, 1.0000e-36, 1.0000e-36
3.3215e+00, 2.2403e-09, 7.7369e-04, 4.3485e-01, 5.6031e-01, 4.0663e-03, 1.1660e-07, 4.1025e-15, 1.6173e-25, 1.0000e-36, 1.0000e-36, 1.0000e-36, 1.0000e-36, 1.0000e-36, 1.0000e-36, 1.0000e-36, 1.0000e-36, 1.0000e-36, 1.0000e-36, 1.0000e-36, 1.0000e-36, 1.0000e-36, 1.0000e-36, 1.0000e-36, 1.0000e-36, 1.0000e-36, 1.0000e-36, 1.0000e-36, 1.0000e-36, 1.0000e-36, 1.0000e-36, 1.0000e-36, 1.0000e-36, 1.0000e-36, 1.0000e-36, 1.0000e-36, 1.0000e-36, 1.0000e-36, 1.0000e-36, 1.0000e-36, 1.0000e-36, 1.0000e-36, 1.0000e-36, 1.0000e-36, 1.0000e-36, 1.0000e-36, 1.0000e-36, 1.0000e-36, 1.0000e-36, 1.0000e-36, 1.0000e-36, 1.0000e-36, 1.0000e-36, 1.0000e-36, 1.0000e-36, 1.0000e-36
3.6710e+00, 3.0030e-10, 1.6129e-04, 1.9706e-01, 7.7858e-01, 2.4195e-02, 4.3652e-06, 1.0141e-12, 7.4301e-22, 2.9965e-33, 1.0000e-36, 1.0000e-36, 1.0000e-36, 1.0000e-36, 1.0000e-36, 1.0000e-36, 1.0000e-36, 1.0000e-36, 1.0000e-36, 1.0000e-36, 1.0000e-36, 1.0000e-36, 1.0000e-36, 1.0000e-36, 1.0000e-36, 1.0000e-36, 1.0000e-36, 1.0000e-36, 1.0000e-36, 1.0000e-36, 1.0000e-36, 1.0000e-36, 1.0000e-36, 1.0000e-36, 1.0000e-36, 1.0000e-36, 1.0000e-36, 1.0000e-36, 1.0000e-36, 1.0000e-36, 1.0000e-36, 1.0000e-36, 1.0000e-36, 1.0000e-36, 1.0000e-36, 1.0000e-36, 1.0000e-36, 1.0000e-36, 1.0000e-36, 1.0000e-36, 1.0000e-36, 1.0000e-36, 1.0000e-36, 1.0000e-36, 1.0000e-36, 1.0000e-36
4.0572e+00, 3.7512e-11, 3.0307e-05, 7.5093e-02, 8.2709e-01, 9.7695e-02, 9.5166e-05, 1.2272e-10, 1.2776e-18, 1.0485e-28, 1.0000e-36, 1.0000e-36, 1.0000e-36, 1.0000e-36, 1.0000e-36, 1.0000e-36, 1.0000e-36, 1.0000e-36, 1.0000e-36, 1.0000e-36, 1.0000e-36, 1.0000e-36, 1.0000e-36, 1.0000e-36, 1.0000e-36, 1.0000e-36, 1.0000e-36, 1.0000e-36, 1.0000e-36, 1.0000e-36, 1.0000e-36, 1.0000e-36, 1.0000e-36, 1.0000e-36, 1.0000e-36, 1.0000e-36, 1.0000e-36, 1.0000e-36, 1.0000e-36, 1.0000e-36, 1.0000e-36, 1.0000e-36, 1.0000e-36, 1.0000e-36, 1.0000e-36, 1.0000e-36, 1.0000e-36, 1.0000e-36, 1.0000e-36, 1.0000e-36, 1.0000e-36, 1.0000e-36, 1.0000e-36, 1.0000e-36, 1.0000e-36, 1.0000e-36
4.4841e+00, 4.4152e-12, 5.2061e-06, 2.4615e-02, 6.9446e-01, 2.7965e-01, 1.2630e-03, 7.7782e-09, 9.0408e-16, 1.1593e-24, 1.0000e-36, 1.0000e-36, 1.0000e-36, 1.0000e-36, 1.0000e-36, 1.0000e-36, 1.0000e-36, 1.0000e-36, 1.0000e-36, 1.0000e-36, 1.0000e-36, 1.0000e-36, 1.0000e-36, 1.0000e-36, 1.0000e-36, 1.0000e-36, 1.0000e-36, 1.0000e-36, 1.0000e-36, 1.0000e-36, 1.0000e-36, 1.0000e-36, 1.0000e-36, 1.0000e-36, 1.0000e-36, 1.0000e-36, 1.0000e-36, 1.0000e-36, 1.0000e-36, 1.0000e-36, 1.0000e-36, 1.0000e-36, 1.0000e-36, 1.0000e-36, 1.0000e-36, 1.0000e-36, 1.0000e-36, 1.0000e-36, 1.0000e-36, 1.0000e-36, 1.0000e-36, 1.0000e-36, 1.0000e-36, 1.0000e-36, 1.0000e-36, 1.0000e-36
4.9558e+00, 4.5662e-13, 7.6440e-07, 6.6335e-03, 4.4379e-01, 5.3971e-01, 9.8718e-03, 2.5410e-07, 2.6563e-13, 4.1302e-21, 1.3160e-33, 1.0000e-36, 1.0000e-36, 1.0000e-36, 1.0000e-36, 1.0000e-36, 1.0000e-36, 1.0000e-36, 1.0000e-36, 1.0000e-36, 1.0000e-36, 1.0000e-36, 1.0000e-36, 1.0000e-36, 1.0000e-36, 1.0000e-36, 1.0000e-36, 1.0000e-36, 1.0000e-36, 1.0000e-36, 1.0000e-36, 1.0000e-36, 1.0000e-36, 1.0000e-36, 1.0000e-36, 1.0000e-36, 1.0000e-36, 1.0000e-36, 1.0000e-36, 1.0000e-36, 1.0000e-36, 1.0000e-36, 1.0000e-36, 1.0000e-36, 1.0000e-36, 1.0000e-36, 1.0000e-36, 1.0000e-36, 1.0000e-36, 1.0000e-36, 1.0000e-36, 1.0000e-36, 1.0000e-36, 1.0000e-36, 1.0000e-36, 1.0000e-36
5.4772e+00, 4.2252e-14, 9.7937e-08, 1.5204e-03, 2.2485e-01, 7.2580e-01, 4.7824e-02, 4.5724e-06, 3.5418e-11, 5.2256e-18, 5.1055e-29, 1.0000e-36, 1.0000e-36, 1.0000e-36, 1.0000e-36, 1.0000e-36, 1.0000e-36, 1.0000e-36, 1.0000e-36, 1.0000e-36, 1.0000e-36, 1.0000e-36, 1.0000e-36, 1.0000e-36, 1.0000e-36, 1.0000e-36, 1.0000e-36, 1.0000e-36, 1.0000e-36, 1.0000e-36, 1.0000e-36, 1.0000e-36, 1.0000e-36, 1.0000e-36, 1.0000e-36, 1.0000e-36, 1.0000e-36, 1.0000e-36, 1.0000e-36, 1.0000e-36, 1.0000e-36, 1.0000e-36, 1.0000e-36, 1.0000e-36, 1.0000e-36, 1.0000e-36, 1.0000e-36, 1.0000e-36, 1.0000e-36, 1.0000e-36, 1.0000e-36, 1.0000e-36, 1.0000e-36, 1.0000e-36, 1.0000e-36, 1.0000e-36
6.0535e+00, 3.8382e-15, 1.2041e-08, 3.1148e-04, 9.5557e-02, 7.4506e-01, 1.5902e-01, 5.0784e-05, 2.4262e-09, 2.7210e-15, 5.6997e-25, 1.0000e-36, 1.0000e-36, 1.0000e-36, 1.0000e-36, 1.0000e-36, 1.0000e-36, 1.0000e-36, 1.0000e-36, 1.0000e-36, 1.0000e-36, 1.0000e-36, 1.0000e-36, 1.0000e-36, 1.0000e-36, 1.0000e-36, 1.0000e-36, 1.0000e-36, 1.0000e-36, 1.0000e-36, 1.0000e-36, 1.0000e-36, 1.0000e-36, 1.0000e-36, 1.0000e-36, 1.0000e-36, 1.0000e-36, 1.0000e-36, 1.0000e-36, 1.0000e-36, 1.0000e-36, 1.0000e-36, 1.0000e-36, 1.0000e-36, 1.0000e-36, 1.0000e-36, 1.0000e-36, 1.0000e-36, 1.0000e-36, 1.0000e-36, 1.0000e-36, 1.0000e-36, 1.0000e-36, 1.0000e-36, 1.0000e-36, 1.0000e-36
6.6904e+00, 3.4955e-16, 1.4539e-09, 5.5019e-05, 3.3067e-02, 5.9409e-01, 3.7242e-01, 3.6099e-04, 8.9155e-08, 6.2528e-13, 2.1116e-21, 3.5725e-32, 1.0000e-36, 1.0000e-36, 1.0000e-36, 1.0000e-36, 1.0000e-36, 1.0000e-36, 1.0000e-36, 1.0000e-36, 1.0000e-36, 1.0000e-36, 1.0000e-36, 1.0000e-36, 1.0000e-36, 1.0000e-36, 1.0000e-36, 1.0000e-36, 1.0000e-36, 1.0000e-36, 1.0000e-36, 1.0000e-36, 1.0000e-36, 1.0000e-36, 1.0000e-36, 1.0000e-36, 1.0000e-36, 1.0000e-36, 1.0000e-36, 1.0000e-36, 1.0000e-36, 1.0000e-36, 1.0000e-36, 1.0000e-36, 1.0000e-36, 1.0000e-36, 1.0000e-36, 1.0000e-36, 1.0000e-36, 1.0000e-36, 1.0000e-36, 1.0000e-36, 1.0000e-36, 1.0000e-36, 1.0000e-36, 1.0000e-36
7.3943e+00, 3.0259e-17, 1.6380e-10, 8.2613e-06, 9.2384e-03, 3.6852e-01, 6.2056e-01, 1.6739e-03, 1.8293e-06, 6.5725e-11, 2.7717e-18, 9.1060e-28, 1.0000e-36, 1.0000e-36, 1.0000e-36, 1.0000e-36, 1.0000e-36, 1.0000e-36, 1.0000e-36, 1.0000e-36, 1.0000e-36, 1.0000e-36, 1.0000e-36, 1.0000e-36, 1.0000e-36, 1.0000e-36, 1.0000e-36, 1.0000e-36, 1.0000e-36, 1.0000e-36, 1.0000e-36, 1.0000e-36, 1.0000e-36, 1.0000e-36, 1.0000e-36, 1.0000e-36, 1.0000e-36, 1.0000e-36, 1.0000e-36, 1.0000e-36, 1.0000e-36, 1.0000e-36, 1.0000e-36, 1.0000e-36, 1.0000e-36, 1.0000e-36, 1.0000e-36, 1.0000e-36, 1.0000e-36, 1.0000e-36, 1.0000e-36, 1.0000e-36, 1.0000e-36, 1.0000e-36, 1.0000e-36, 1.0000e-36
8.1722e+00, 2.4288e-18, 1.6827e-11, 1.1535e-06, 2.2909e-03, 1.9177e-01, 8.0036e-01, 5.5513e-03, 2.3722e-05, 3.4771e-09, 1.4118e-15, 6.6677e-24, 3.7915e-34, 1.0000e-36, 1.0000e-36, 1.0000e-36, 1.0000e-36, 1.0000e-36, 1.0000e-36, 1.0000e-36, 1.0000e-36, 1.0000e-36, 1.0000e-36, 1.0000e-36, 1.0000e-36, 1.0000e-36, 1.0000e-36, 1.0000e-36, 1.0000e-36, 1.0000e-36, 1.0000e-36, 1.0000e-36, 1.0000e-36, 1.0000e-36, 1.0000e-36, 1.0000e-36, 1.0000e-36, 1.0000e-36, 1.0000e-36, 1.0000e-36, 1.0000e-36, 1.0000e-36, 1.0000e-36, 1.0000e-36, 1.0000e-36, 1.0000e-36, 1.0000e-36, 1.0000e-36, 1.0000e-36, 1.0000e-36, 1.0000e-36, 1.0000e-36, 1.0000e-36, 1.0000e-36, 1.0000e-36, 1.0000e-36
9.0320e+00, 1.9078e-19, 1.6666e-12, 1.6670e-07, 5.6352e-04, 9.2730e-02, 8.9168e-01, 1.4804e-02, 2.2329e-04, 1.0550e-07, 3.1665e-13, 1.6700e-20, 1.5527e-29, 1.0000e-36, 1.0000e-36, 1.0000e-36, 1.0000e-36, 1.0000e-36, 1.0000e-36, 1.0000e-36, 1.0000e-36, 1.0000e-36, 1.0000e-36, 1.0000e-36, 1.0000e-36, 1.0000e-36, 1.0000e-36, 1.0000e-36, 1.0000e-36, 1.0000e-36, 1.0000e-36, 1.0000e-36, 1.0000e-36, 1.0000e-36, 1.0000e-36, 1.0000e-36, 1.0000e-36, 1.0000e-36, 1.0000e-36, 1.0000e-36, 1.0000e-36, 1.0000e-36, 1.0000e-36, 1.0000e-36, 1.0000e-36, 1.0000e-36, 1.0000e-36, 1.0000e-36, 1.0000e-36, 1.0000e-36, 1.0000e-36, 1.0000e-36, 1.0000e-36, 1.0000e-36, 1.0000e-36, 1.0000e-36
9.9823e+00, 1.6345e-20, 1.7765e-13, 2.6248e-08, 1.4506e-04, 4.4405e-02, 9.1955e-01, 3.4248e-02, 1.6489e-03, 2.0434e-06, 3.4755e-11, 1.5585e-17, 1.7628e-25, 5.0073e-35, 1.0000e-36, 1.0000e-36, 1.0000e-36, 1.0000e-36, 1.0000e-36, 1.0000e-36, 1.0000e-36, 1.0000e-36, 1.0000e-36, 1.0000e-36, 1.0000e-36, 1.0000e-36, 1.0000e-36, 1.0000e-36, 1.0000e-36, 1.0000e-36, 1.0000e-36, 1.0000e-36, 1.0000e-36, 1.0000e-36, 1.0000e-36, 1.0000e-36, 1.0000e-36, 1.0000e-36, 1.0000e-36, 1.0000e-36, 1.0000e-36, 1.0000e-36, 1.0000e-36, 1.0000e-36, 1.0000e-36, 1.0000e-36, 1.0000e-36, 1.0000e-36, 1.0000e-36, 1.0000e-36, 1.0000e-36, 1.0000e-36, 1.0000e-36, 1.0000e-36, 1.0000e-36, 1.0000e-36
1.1033e+01, 1.6170e-21, 2.1607e-14, 4.5168e-09, 3.9328e-05, 2.1419e-02, 8.9790e-01, 7.0760e-02, 9.8524e-03, 2.6996e-05, 2.0054e-09, 5.7243e-15, 5.8065e-22, 2.0213e-30, 1.0000e-36, 1.0000e-36, 1.0000e-36, 1.0000e-36, 1.0000e-36, 1.0000e-36, 1.0000e-36, 1.0000e-36, 1.0000e-36, 1.0000e-36, 1.0000e-36, 1.0000e-36, 1.0000e-36, 1.0000e-36, 1.0000e-36, 1.0000e-36, 1.0000e-36, 1.0000e-36, 1.0000e-36, 1.0000e-36, 1.0000e-36, 1.0000e-36, 1.0000e-36, 1.0000e-36, 1.0000e-36, 1.0000e-36, 1.0000e-36, 1.0000e-36, 1.0000e-36, 1.0000e-36, 1.0000e-36, 1.0000e-36, 1.0000e-36, 1.0000e-36, 1.0000e-36, 1.0000e-36, 1.0000e-36, 1.0000e-36, 1.0000e-36, 1.0000e-36, 1.0000e-36, 1.0000e-36
1.2193e+01, 1.7620e-22, 2.8642e-15, 8.1603e-10, 1.0880e-05, 1.0120e-02, 8.1360e-01, 1.2860e-01, 4.7413e-02, 2.5292e-04, 6.5444e-08, 9.1201e-13, 6.2130e-19, 1.9763e-26, 3.1403e-35, 1.0000e-36, 1.0000e-36, 1.0000e-36, 1.0000e-36, 1.0000e-36, 1.0000e-36, 1.0000e-36, 1.0000e-36, 1.0000e-36, 1.0000e-36, 1.0000e-36, 1.0000e-36, 1.0000e-36, 1.0000e-36, 1.0000e-36, 1.0000e-36, 1.0000e-36, 1.0000e-36, 1.0000e-36, 1.0000e-36, 1.0000e-36, 1.0000e-36, 1.0000e-36, 1.0000e-36, 1.0000e-36, 1.0000e-36, 1.0000e-36, 1.0000e-36, 1.0000e-36, 1.0000e-36, 1.0000e-36, 1.0000e-36, 1.0000e-36, 1.0000e-36, 1.0000e-36, 1.0000e-36, 1.0000e-36, 1.0000e-36, 1.0000e-36, 1.0000e-36, 1.0000e-36
1.3476e+01, 1.8762e-23, 3.6757e-16, 1.4030e-10, 2.8071e-06, 4.2879e-03, 6.3110e-01, 1.9054e-01, 1.7242e-01, 1.6481e-03, 1.2346e-06, 6.6732e-11, 2.3408e-16, 5.0883e-23, 7.5025e-31, 1.0000e-36, 1.0000e-36, 1.0000e-36, 1.0000e-36, 1.0000e-36, 1.0000e-36, 1.0000e-36, 1.0000e-36, 1.0000e-36, 1.0000e-36, 1.0000e-36, 1.0000e-36, 1.0000e-36, 1.0000e-36, 1.0000e-36, 1.0000e-36, 1.0000e-36, 1.0000e-36, 1.0000e-36, 1.0000e-36, 1.0000e-36, 1.0000e-36, 1.0000e-36, 1.0000e-36, 1.0000e-36, 1.0000e-36, 1.0000e-36, 1.0000e-36, 1.0000e-36, 1.0000e-36, 1.0000e-36, 1.0000e-36, 1.0000e-36, 1.0000e-36, 1.0000e-36, 1.0000e-36, 1.0000e-36, 1.0000e-36, 1.0000e-36, 1.0000e-36, 1.0000e-36
1.4894e+01, 1.7206e-24, 4.0289e-17, 2.0358e-11, 5.9220e-07, 1.4335e-03, 3.6778e-01, 2.0285e-01, 4.2111e-01, 6.8143e-03, 1.2775e-05, 2.2141e-09, 3.1834e-14, 3.6483e-20, 3.7407e-27, 2.9096e-35, 1.0000e-36, 1.0000e-36, 1.0000e-36, 1.0000e-36, 1.0000e-36, 1.0000e-36, 1.0000e-36, 1.0000e-36, 1.0000e-36, 1.0000e-36, 1.0000e-36, 1.0000e-36, 1.0000e-36, 1.0000e-36, 1.0000e-36, 1.0000e-36, 1.0000e-36, 1.0000e-36, 1.0000e-36, 1.0000e-36, 1.0000e-36, 1.0000e-36, 1.0000e-36, 1.0000e-36, 1.0000e-36, 1.0000e-36, 1.0000e-36, 1.0000e-36, 1.0000e-36, 1.0000e-36, 1.0000e-36, 1.0000e-36, 1.0000e-36, 1.0000e-36, 1.0000e-36, 1.0000e-36, 1.0000e-36, 1.0000e-36, 1.0000e-36, 1.0000e-36
1.6461e+01, 1.3544e-25, 3.7628e-18, 2.4777e-12, 9.9250e-08, 3.6879e-04, 1.5580e-01, 1.5075e-01, 6.7527e-01, 1.7738e-02, 7.4719e-05, 3.5807e-08, 1.7588e-12, 8.6046e-18, 4.8025e-24, 2.5807e-31, 1.0000e-36, 1.0000e-36, 1.0000e-36, 1.0000e-36, 1.0000e-36, 1.0000e-36, 1.0000e-36, 1.0000e-36, 1.0000e-36, 1.0000e-36, 1.0000e-36, 1.0000e-36, 1.0000e-36, 1.0000e-36, 1.0000e-36, 1.0000e-36, 1.0000e-36, 1.0000e-36, 1.0000e-36, 1.0000e-36, 1.0000e-36, 1.0000e-36, 1.0000e-36, 1.0000e-36, 1.0000e-36, 1.0000e-36, 1.0000e-36, 1.0000e-36, 1.0000e-36, 1.0000e-36, 1.0000e-36, 1.0000e-36, 1.0000e-36, 1.0000e-36, 1.0000e-36, 1.0000e-36, 1.0000e-36, 1.0000e-36, 1.0000e-36, 1.0000e-36
1.8193e+01, 1.0334e-26, 3.3840e-19, 2.8554e-13, 1.4981e-08, 8.3057e-05, 5.4841e-02, 8.9722e-02, 8.2110e-01, 3.3956e-02, 2.9650e-04, 3.5054e-07, 5.0983e-11, 8.9909e-16, 2.2282e-21, 6.5737e-28, 2.2724e-35, 1.0000e-36, 1.0000e-36, 1.0000e-36, 1.0000e-36, 1.0000e-36, 1.0000e-36, 1.0000e-36, 1.0000e-36, 1.0000e-36, 1.0000e-36, 1.0000e-36, 1.0000e-36, 1.0000e-36, 1.0000e-36, 1.0000e-36, 1.0000e-36, 1.0000e-36, 1.0000e-36, 1.0000e-36, 1.0000e-36, 1.0000e-36, 1.0000e-36, 1.0000e-36, 1.0000e-36, 1.0000e-36, 1.0000e-36, 1.0000e-36, 1.0000e-36, 1.0000e-36, 1.0000e-36, 1.0000e-36, 1.0000e-36, 1.0000e-36, 1.0000e-36, 1.0000e-36, 1.0000e-36, 1.0000e-36, 1.0000e-36, 1.0000e-36
2.0107e+01, 8.1609e-28, 3.1319e-20, 3.3406e-14, 2.2741e-09, 1.8326e-05, 1.8358e-02, 4.9108e-02, 8.7592e-01, 5.5655e-02, 9.4161e-04, 2.5071e-06, 9.6389e-10, 5.3477e-14, 4.9848e-19, 6.6887e-25, 1.3041e-31, 1.0000e-36, 1.0000e-36, 1.0000e-36, 1.0000e-36, 1.0000e-36, 1.0000e-36, 1.0000e-36, 1.0000e-36, 1.0000e-36, 1.0000e-36, 1.0000e-36, 1.0000e-36, 1.0000e-36, 1.0000e-36, 1.0000e-36, 1.0000e-36, 1.0000e-36, 1.0000e-36, 1.0000e-36, 1.0000e-36, 1.0000e-36, 1.0000e-36, 1.0000e-36, 1.0000e-36, 1.0000e-36, 1.0000e-36, 1.0000e-36, 1.0000e-36, 1.0000e-36, 1.0000e-36, 1.0000e-36, 1.0000e-36, 1.0000e-36, 1.0000e-36, 1.0000e-36, 1.0000e-36, 1.0000e-36, 1.0000e-36, 1.0000e-36
2.2222e+01, 6.7548e-29, 3.0222e-21, 4.0310e-15, 3.6296e-10, 4.1506e-06, 6.2251e-03, 2.6409e-02, 8.8042e-01, 8.4315e-02, 2.6122e-03, 1.4579e-05, 1.3564e-08, 2.1258e-12, 6.5284e-17, 3.4271e-22, 3.1571e-28, 5.2334e-35, 1.0000e-36, 1.0000e-36, 1.0000e-36, 1.0000e-36, 1.0000e-36, 1.0000e-36, 1.0000e-36, 1.0000e-36, 1.0000e-36, 1.0000e-36, 1.0000e-36, 1.0000e-36, 1.0000e-36, 1.0000e-36, 1.0000e-36, 1.0000e-36, 1.0000e-36, 1.0000e-36, 1.0000e-36, 1.0000e-36, 1.0000e-36, 1.0000e-36, 1.0000e-36, 1.0000e-36, 1.0000e-36, 1.0000e-36, 1.0000e-36, 1.0000e-36, 1.0000e-36, 1.0000e-36, 1.0000e-36, 1.0000e-36, 1.0000e-36, 1.0000e-36, 1.0000e-36, 1.0000e-36, 1.0000e-36, 1.0000e-36
2.4560e+01, 6.1293e-30, 3.1825e-22, 5.2530e-16, 6.2748e-11, 9.9545e-07, 2.1929e-03, 1.4348e-02, 8.5545e-01, 1.2138e-01, 6.5610e-03, 7.2220e-05, 1.5083e-07, 6.0934e-11, 5.5173e-15, 9.9718e-20, 3.7327e-25, 2.9813e-31, 1.0000e-36, 1.0000e-36, 1.0000e-36, 1.0000e-36, 1.0000e-36, 1.0000e-36, 1.0000e-36, 1.0000e-36, 1.0000e-36, 1.0000e-36, 1.0000e-36, 1.0000e-36, 1.0000e-36, 1.0000e-36, 1.0000e-36, 1.0000e-36, 1.0000e-36, 1.0000e-36, 1.0000e-36, 1.0000e-36, 1.0000e-36, 1.0000e-36, 1.0000e-36, 1.0000e-36, 1.0000e-36, 1.0000e-36, 1.0000e-36, 1.0000e-36, 1.0000e-36, 1.0000e-36, 1.0000e-36, 1.0000e-36, 1.0000e-36, 1.0000e-36, 1.0000e-36, 1.0000e-36, 1.0000e-36, 1.0000e-36
2.7144e+01, 6.3152e-31, 3.7895e-23, 7.6622e-17, 1.1907e-11, 2.5661e-07, 8.0735e-04, 7.9428e-03, 8.0848e-01, 1.6731e-01, 1.5146e-02, 3.1206e-04, 1.3719e-06, 1.3212e-09, 3.2141e-13, 1.7944e-17, 2.4025e-22, 7.9906e-28, 1.8286e-34, 1.0000e-36, 1.0000e-36, 1.0000e-36, 1.0000e-36, 1.0000e-36, 1.0000e-36, 1.0000e-36, 1.0000e-36, 1.0000e-36, 1.0000e-36, 1.0000e-36, 1.0000e-36, 1.0000e-36, 1.0000e-36, 1.0000e-36, 1.0000e-36, 1.0000e-36, 1.0000e-36, 1.0000e-36, 1.0000e-36, 1.0000e-36, 1.0000e-36, 1.0000e-36, 1.0000e-36, 1.0000e-36, 1.0000e-36, 1.0000e-36, 1.0000e-36, 1.0000e-36, 1.0000e-36, 1.0000e-36, 1.0000e-36, 1.0000e-36, 1.0000e-36, 1.0000e-36, 1.0000e-36, 1.0000e-36
3.0000e+01, 7.2535e-32, 5.0113e-24, 1.2297e-17, 2.4346e-12, 7.0060e-08, 3.0646e-04, 4.4293e-03, 7.4132e-01, 2.2049e-01, 3.2254e-02, 1.1883e-03, 1.0396e-05, 2.2296e-08, 1.3447e-11, 2.1100e-15, 9.0454e-20, 1.1034e-24, 1.0253e-30, 1.0000e-36, 1.0000e-36, 1.0000e-36, 1.0000e-36, 1.0000e-36, 1.0000e-36, 1.0000e-36, 1.0000e-36, 1.0000e-36, 1.0000e-36, 1.0000e-36, 1.0000e-36, 1.0000e-36, 1.0000e-36, 1.0000e-36, 1.0000e-36, 1.0000e-36, 1.0000e-36, 1.0000e-36, 1.0000e-36, 1.0000e-36, 1.0000e-36, 1.0000e-36, 1.0000e-36, 1.0000e-36, 1.0000e-36, 1.0000e-36, 1.0000e-36, 1.0000e-36, 1.0000e-36, 1.0000e-36, 1.0000e-36, 1.0000e-36, 1.0000e-36, 1.0000e-36, 1.0000e-36, 1.0000e-36
3.3156e+01, 8.8891e-33, 7.0472e-25, 2.0815e-18, 5.1830e-13, 1.9673e-08, 1.1714e-04, 2.4355e-03, 6.5434e-01, 2.7586e-01, 6.3187e-02, 3.9993e-03, 6.6290e-05, 2.9826e-07, 4.1549e-10, 1.6868e-13, 2.1010e-17, 8.4095e-22, 2.8358e-27, 5.5755e-34, 1.0000e-36, 1.0000e-36, 1.0000e-36, 1.0000e-36, 1.0000e-36, 1.0000e-36, 1.0000e-36, 1.0000e-36, 1.0000e-36, 1.0000e-36, 1.0000e-36, 1.0000e-36, 1.0000e-36, 1.0000e-36, 1.0000e-36, 1.0000e-36, 1.0000e-36, 1.0000e-36, 1.0000e-36, 1.0000e-36, 1.0000e-36, 1.0000e-36, 1.0000e-36, 1.0000e-36, 1.0000e-36, 1.0000e-36, 1.0000e-36, 1.0000e-36, 1.0000e-36, 1.0000e-36, 1.0000e-36, 1.0000e-36, 1.0000e-36, 1.0000e-36, 1.0000e-36, 1.0000e-36
3.6645e+01, 1.1350e-33, 1.0294e-25, 3.6328e-19, 1.1276e-13, 5.5596e-09, 4.4277e-05, 1.2988e-03, 5.4941e-01, 3.2400e-01, 1.1302e-01, 1.1861e-02, 3.5667e-04, 3.1938e-06, 9.6533e-09, 9.4247e-12, 3.1307e-15, 3.7273e-19, 4.1241e-24, 3.0239e-30, 1.0000e-36, 1.0000e-36, 1.0000e-36, 1.0000e-36, 1.0000e-36, 1.0000e-36, 1.0000e-36, 1.0000e-36, 1.0000e-36, 1.0000e-36, 1.0000e-36, 1.0000e-36, 1.0000e-36, 1.0000e-36, 1.0000e-36, 1.0000e-36, 1.0000e-36, 1.0000e-36, 1.0000e-36, 1.0000e-36, 1.0000e-36, 1.0000e-36, 1.0000e-36, 1.0000e-36, 1.0000e-36, 1.0000e-36, 1.0000e-36, 1.0000e-36, 1.0000e-36, 1.0000e-36, 1.0000e-36, 1.0000e-36, 1.0000e-36, 1.0000e-36, 1.0000e-36, 1.0000e-36
4.0500e+01, 1.5076e-34, 1.5600e-26, 6.5336e-20, 2.5029e-14, 1.5614e-09, 1.6358e-05, 6.6512e-04, 4.3231e-01, 3.5212e-01, 1.8248e-01, 3.0767e-02, 1.6140e-03, 2.7430e-05, 1.7012e-07, 3.7412e-10, 3.0705e-13, 9.9630e-17, 3.3032e-21, 8.1852e-27, 7.2927e-33, 1.0000e-36, 1.0000e-36, 1.0000e-36, 1.0000e-36, 1.0000e-36, 1.0000e-36, 1.0000e-36, 1.0000e-36, 1.0000e-36, 1.0000e-36, 1.0000e-36, 1.0000e-36, 1.0000e-36, 1.0000e-36, 1.0000e-36, 1.0000e-36, 1.0000e-36, 1.0000e-36, 1.0000e-36, 1.0000e-36, 1.0000e-36, 1.0000e-36, 1.0000e-36, 1.0000e-36, 1.0000e-36, 1.0000e-36, 1.0000e-36, 1.0000e-36, 1.0000e-36, 1.0000e-36, 1.0000e-36, 1.0000e-36, 1.0000e-36, 1.0000e-36, 1.0000e-36
4.4761e+01, 2.0538e-35, 2.4186e-27, 1.1948e-20, 5.5916e-15, 4.2874e-10, 5.8170e-06, 3.2258e-04, 3.1348e-01, 3.4838e-01, 2.6241e-01, 6.9103e-02, 6.1060e-03, 1.8873e-04, 2.2853e-06, 1.0679e-08, 2.0231e-11, 1.6552e-14, 1.5155e-18, 1.1598e-23, 3.9912e-29, 7.2598e-35, 1.0000e-36, 1.0000e-36, 1.0000e-36, 1.0000e-36, 1.0000e-36, 1.0000e-36, 1.0000e-36, 1.0000e-36, 1.0000e-36, 1.0000e-36, 1.0000e-36, 1.0000e-36, 1.0000e-36, 1.0000e-36, 1.0000e-36, 1.0000e-36, 1.0000e-36, 1.0000e-36, 1.0000e-36, 1.0000e-36, 1.0000e-36, 1.0000e-36, 1.0000e-36, 1.0000e-36, 1.0000e-36, 1.0000e-36, 1.0000e-36, 1.0000e-36, 1.0000e-36, 1.0000e-36, 1.0000e-36, 1.0000e-36, 1.0000e-36, 1.0000e-36
4.9470e+01, 2.7518e-36, 3.6794e-28, 2.1318e-21, 1.2079e-15, 1.1265e-10, 1.9513e-06, 1.4542e-04, 2.0611e-01, 3.0892e-01, 3.3162e-01, 1.3297e-01, 1.9172e-02, 1.0369e-03, 2.3436e-05, 2.2074e-07, 9.0795e-10, 1.7466e-12, 4.0984e-16, 8.9165e-21, 1.0602e-25, 7.1960e-31, 2.3726e-36, 1.0000e-36, 1.0000e-36, 1.0000e-36, 1.0000e-36, 1.0000e-36, 1.0000e-36, 1.0000e-36, 1.0000e-36, 1.0000e-36, 1.0000e-36, 1.0000e-36, 1.0000e-36, 1.0000e-36, 1.0000e-36, 1.0000e-36, 1.0000e-36, 1.0000e-36, 1.0000e-36, 1.0000e-36, 1.0000e-36, 1.0000e-36, 1.0000e-36, 1.0000e-36, 1.0000e-36, 1.0000e-36, 1.0000e-36, 1.0000e-36, 1.0000e-36, 1.0000e-36, 1.0000e-36, 1.0000e-36, 1.0000e-36, 1.0000e-36
5.4675e+01, 1.0000e-36, 5.2823e-29, 3.5702e-22, 2.4309e-16, 2.7772e-11, 6.0647e-07, 5.9935e-05, 1.2125e-01, 2.4239e-01, 3.6441e-01, 2.1744e-01, 4.9716e-02, 4.5444e-03, 1.8407e-04, 3.3329e-06, 2.8171e-08, 1.1967e-10, 6.7243e-14, 3.8538e-18, 1.4320e-22, 3.2565e-27, 3.8746e-32, 1.0000e-36, 1.0000e-36, 1.0000e-36, 1.0000e-36, 1.0000e-36, 1.0000e-36, 1.0000e-36, 1.0000e-36, 1.0000e-36, 1.0000e-36, 1.0000e-36, 1.0000e-36, 1.0000e-36, 1.0000e-36, 1.0000e-36, 1.0000e-36, 1.0000e-36, 1.0000e-36, 1.0000e-36, 1.0000e-36, 1.0000e-36, 1.0000e-36, 1.0000e-36, 1.0000e-36, 1.0000e-36, 1.0000e-36, 1.0000e-36, 1.0000e-36, 1.0000e-36, 1.0000e-36, 1.0000e-36, 1.0000e-36, 1.0000e-36
6.0428e+01, 1.0000e-36, 7.0711e-30, 5.5488e-23, 4.5092e-17, 6.3283e-12, 1.7244e-07, 2.2323e-05, 6.3238e-02, 1.6687e-01, 3.4582e-01, 3.0075e-01, 1.0625e-01, 1.5903e-02, 1.1126e-03, 3.7092e-05, 6.1286e-07, 5.4311e-09, 6.8674e-12, 9.6665e-16, 1.0250e-19, 7.0825e-24, 2.7371e-28, 6.8548e-33, 1.0000e-36, 1.0000e-36, 1.0000e-36, 1.0000e-36, 1.0000e-36, 1.0000e-36, 1.0000e-36, 1.0000e-36, 1.0000e-36, 1.0000e-36, 1.0000e-36, 1.0000e-36, 1.0000e-36, 1.0000e-36, 1.0000e-36, 1.0000e-36, 1.0000e-36, 1.0000e-36, 1.0000e-36, 1.0000e-36, 1.0000e-36, 1.0000e-36, 1.0000e-36, 1.0000e-36, 1.0000e-36, 1.0000e-36, 1.0000e-36, 1.0000e-36, 1.0000e-36, 1.0000e-36, 1.0000e-36, 1.0000e-36
6.6785e+01, 1.0000e-36, 8.8188e-31, 8.0012e-24, 7.7104e-18, 1.3175e-12, 4.4445e-08, 7.4521e-06, 2.9058e-02, 1.0023e-01, 2.8228e-01, 3.5114e-01, 1.8719e-01, 4.4580e-02, 5.2102e-03, 3.0751e-04, 9.4916e-06, 1.6662e-07, 4.4795e-10, 1.4522e-13, 4.0472e-17, 7.7791e-21, 8.8816e-25, 6.9876e-29, 8.8587e-34, 1.0000e-36, 1.0000e-36, 1.0000e-36, 1.0000e-36, 1.0000e-36, 1.0000e-36, 1.0000e-36, 1.0000e-36, 1.0000e-36, 1.0000e-36, 1.0000e-36, 1.0000e-36, 1.0000e-36, 1.0000e-36, 1.0000e-36, 1.0000e-36, 1.0000e-36, 1.0000e-36, 1.0000e-36, 1.0000e-36, 1.0000e-36, 1.0000e-36, 1.0000e-36, 1.0000e-36, 1.0000e-36, 1.0000e-36, 1.0000e-36, 1.0000e-36, 1.0000e-36, 1.0000e-36, 1.0000e-36
7.3812e+01, 1.0000e-36, 1.0229e-31, 1.0691e-24, 1.2145e-18, 2.4965e-13, 1.0325e-08, 2.2191e-06, 1.1698e-02, 5.2259e-02, 1.9744e-01, 3.4534e-01, 2.7187e-01, 1.0036e-01, 1.9006e-02, 1.9161e-03, 1.0601e-04, 3.5169e-06, 1.9084e-08, 1.3433e-11, 9.1320e-15, 4.5072e-18, 1.3953e-21, 3.1450e-25, 1.2517e-29, 2.0841e-34, 1.0000e-36, 1.0000e-36, 1.0000e-36, 1.0000e-36, 1.0000e-36, 1.0000e-36, 1.0000e-36, 1.0000e-36, 1.0000e-36, 1.0000e-36, 1.0000e-36, 1.0000e-36, 1.0000e-36, 1.0000e-36, 1.0000e-36, 1.0000e-36, 1.0000e-36, 1.0000e-36, 1.0000e-36, 1.0000e-36, 1.0000e-36, 1.0000e-36, 1.0000e-36, 1.0000e-36, 1.0000e-36, 1.0000e-36, 1.0000e-36, 1.0000e-36, 1.0000e-36, 1.0000e-36
8.1577e+01, 1.0000e-36, 1.0979e-32, 1.3175e-25, 1.7549e-19, 4.3054e-14, 2.1501e-09, 5.8667e-07, 4.0941e-03, 2.3486e-02, 1.1764e-01, 2.8479e-01, 3.2462e-01, 1.8133e-01, 5.4109e-02, 9.0178e-03, 8.6113e-04, 5.1726e-05, 5.4013e-07, 7.8202e-10, 1.2119e-12, 1.4283e-15, 1.1091e-18, 6.5875e-22, 7.5070e-26, 3.8201e-30, 3.7335e-34, 1.0000e-36, 1.0000e-36, 1.0000e-36, 1.0000e-36, 1.0000e-36, 1.0000e-36, 1.0000e-36, 1.0000e-36, 1.0000e-36, 1.0000e-36, 1.0000e-36, 1.0000e-36, 1.0000e-36, 1.0000e-36, 1.0000e-36, 1.0000e-36, 1.0000e-36, 1.0000e-36, 1.0000e-36, 1.0000e-36, 1.0000e-36, 1.0000e-36, 1.0000e-36, 1.0000e-36, 1.0000e-36, 1.0000e-36, 1.0000e-36, 1.0000e-36, 1.0000e-36
9.0160e+01, 1.0000e-36, 1.0728e-33, 1.4731e-26, 2.2895e-20, 6.6676e-15, 3.9601e-10, 1.3598e-07, 1.2311e-03, 8.9953e-03, 5.9092e-02, 1.9517e-01, 3.1634e-01, 2.6158e-01, 1.1988e-01, 3.2055e-02, 5.1048e-03, 5.3395e-04, 1.0271e-05, 2.9107e-08, 9.6707e-11, 2.5485e-13, 4.6258e-16, 6.7127e-19, 2.0154e-22, 2.8663e-26, 7.1954e-30, 4.7696e-34, 1.0000e-36, 1.0000e-36, 1.0000e-36, 1.0000e-36, 1.0000e-36, 1.0000e-36, 1.0000e-36, 1.0000e-36, 1.0000e-36, 1.0000e-36, 1.0000e-36, 1.0000e-36, 1.0000e-36, 1.0000e-36, 1.0000e-36, 1.0000e-36, 1.0000e-36, 1.0000e-36, 1.0000e-36, 1.0000e-36, 1.0000e-36, 1.0000e-36, 1.0000e-36, 1.0000e-36, 1.0000e-36, 1.0000e-36, 1.0000e-36, 1.0000e-36
9.9646e+01, 1.0000e-36, 9.2223e-35, 1.4432e-27, 2.6034e-21, 8.9511e-16, 6.2890e-11, 2.6958e-08, 3.1267e-04, 2.8883e-03, 2.4638e-02, 1.0957e-01, 2.4836e-01, 2.9791e-01, 2.0483e-01, 8.5490e-02, 2.2003e-02, 3.8674e-03, 1.3166e-04, 6.9791e-07, 4.7017e-09, 2.6098e-11, 1.0385e-13, 3.4379e-16, 2.5214e-19, 9.2405e-23, 5.1389e-26, 7.7572e-30, 3.3125e-35, 1.0000e-36, 1.0000e-36, 1.0000e-36, 1.0000e-36, 1.0000e-36, 1.0000e-36, 1.0000e-36, 1.0000e-36, 1.0000e-36, 1.0000e-36, 1.0000e-36, 1.0000e-36, 1.0000e-36, 1.0000e-36, 1.0000e-36, 1.0000e-36, 1.0000e-36, 1.0000e-36, 1.0000e-36, 1.0000e-36, 1.0000e-36, 1.0000e-36, 1.0000e-36, 1.0000e-36, 1.0000e-36, 1.0000e-36, 1.0000e-36
1.1013e+02, 1.0000e-36, 6.7143e-36, 1.1926e-28, 2.4850e-22, 1.0029e-16, 8.3606e-12, 4.4406e-09, 6.5593e-05, 7.6065e-04, 8.3497e-03, 4.9393e-02, 1.5420e-01, 2.6341e-01, 2.6591e-01, 1.6894e-01, 6.8296e-02, 1.9529e-02, 1.1344e-03, 1.0792e-05, 1.4016e-07, 1.5525e-09, 1.2783e-11, 9.0730e-14, 1.5183e-16, 1.3324e-19, 1.4412e-22, 4.3428e-26, 7.4304e-31, 6.7950e-36, 1.0000e-36, 1.0000e-36, 1.0000e-36, 1.0000e-36, 1.0000e-36, 1.0000e-36, 1.0000e-36, 1.0000e-36, 1.0000e-36, 1.0000e-36, 1.0000e-36, 1.0000e-36, 1.0000e-36, 1.0000e-36, 1.0000e-36, 1.0000e-36, 1.0000e-36, 1.0000e-36, 1.0000e-36, 1.0000e-36, 1.0000e-36, 1.0000e-36, 1.0000e-36, 1.0000e-36, 1.0000e-36, 1.0000e-36
1.2172e+02, 1.0000e-36, 1.0000e-36, 8.1380e-30, 1.9542e-23, 9.2110e-18, 9.1100e-13, 5.9546e-10, 1.1118e-05, 1.6080e-04, 2.2523e-03, 1.7526e-02, 7.4304e-02, 1.7769e-01, 2.5822e-01, 2.4405e-01, 1.5096e-01, 6.8177e-02, 6.5344e-03, 1.0741e-04, 2.5687e-06, 5.4052e-08, 8.7361e-10, 1.2567e-11, 4.5099e-14, 8.8651e-17, 1.6838e-19, 9.1462e-23, 5.5293e-27, 2.0694e-31, 1.3995e-36, 1.0000e-36, 1.0000e-36, 1.0000e-36, 1.0000e-36, 1.0000e-36, 1.0000e-36, 1.0000e-36, 1.0000e-36, 1.0000e-36, 1.0000e-36, 1.0000e-36, 1.0000e-36, 1.0000e-36, 1.0000e-36, 1.0000e-36, 1.0000e-36, 1.0000e-36, 1.0000e-36, 1.0000e-36, 1.0000e-36, 1.0000e-36, 1.0000e-36, 1.0000e-36, 1.0000e-36, 1.0000e-36
1.3452e+02, 1.0000e-36, 1.0000e-36, 4.5792e-31, 1.2677e-24, 6.9479e-19, 8.1056e-14, 6.4791e-11, 1.5123e-06, 2.7115e-05, 4.8089e-04, 4.8718e-03, 2.7686e-02, 9.1247e-02, 1.8746e-01, 2.5806e-01, 2.3847e-01, 1.6557e-01, 2.5394e-02, 6.9669e-04, 2.9430e-05, 1.1252e-06, 3.4034e-08, 9.4295e-10, 6.8597e-12, 2.8435e-14, 8.8179e-17, 8.0453e-20, 1.5358e-23, 2.0814e-27, 4.3841e-32, 1.0000e-36, 1.0000e-36, 1.0000e-36, 1.0000e-36, 1.0000e-36, 1.0000e-36, 1.0000e-36, 1.0000e-36, 1.0000e-36, 1.0000e-36, 1.0000e-36, 1.0000e-36, 1.0000e-36, 1.0000e-36, 1.0000e-36, 1.0000e-36, 1.0000e-36, 1.0000e-36, 1.0000e-36, 1.0000e-36, 1.0000e-36, 1.0000e-36, 1.0000e-36, 1.0000e-36, 1.0000e-36
1.4867e+02, 1.0000e-36, 1.0000e-36, 2.1954e-32, 6.9688e-26, 4.4232e-20, 6.0464e-15, 5.8757e-12, 1.6955e-07, 3.7471e-06, 8.3539e-05, 1.0913e-03, 8.2142e-03, 3.6774e-02, 1.0504e-01, 2.0658e-01, 2.7901e-01, 2.9056e-01, 6.9335e-02, 3.0763e-03, 2.2101e-04, 1.4742e-05, 7.9907e-07, 4.0709e-08, 5.7048e-10, 4.7207e-12, 2.2690e-14, 3.3098e-17, 1.8035e-20, 7.9234e-24, 4.5352e-28, 1.3991e-32, 1.0000e-36, 1.0000e-36, 1.0000e-36, 1.0000e-36, 1.0000e-36, 1.0000e-36, 1.0000e-36, 1.0000e-36, 1.0000e-36, 1.0000e-36, 1.0000e-36, 1.0000e-36, 1.0000e-36, 1.0000e-36, 1.0000e-36, 1.0000e-36, 1.0000e-36, 1.0000e-36, 1.0000e-36, 1.0000e-36, 1.0000e-36, 1.0000e-36, 1.0000e-36, 1.0000e-36
1.6432e+02, 1.0000e-36, 1.0000e-36, 9.5309e-34, 3.4142e-27, 2.4988e-21, 3.9844e-16, 4.6812e-13, 1.6543e-08, 4.4828e-07, 1.2479e-05, 2.0836e-04, 2.0542e-03, 1.2327e-02, 4.8211e-02, 1.3306e-01, 2.5745e-01, 3.9318e-01, 1.4227e-01, 9.9179e-03, 1.1708e-03, 1.3133e-04, 1.2263e-05, 1.1014e-06, 2.8386e-08, 4.4614e-10, 3.2029e-12, 7.2162e-15, 1.0255e-17, 1.3212e-20, 1.8418e-24, 2.0265e-28, 1.7209e-32, 1.0000e-36, 1.0000e-36, 1.0000e-36, 1.0000e-36, 1.0000e-36, 1.0000e-36, 1.0000e-36, 1.0000e-36, 1.0000e-36, 1.0000e-36, 1.0000e-36, 1.0000e-36, 1.0000e-36, 1.0000e-36, 1.0000e-36, 1.0000e-36, 1.0000e-36, 1.0000e-36, 1.0000e-36, 1.0000e-36, 1.0000e-36, 1.0000e-36, 1.0000e-36
1.8160e+02, 1.0000e-36, 1.0000e-36, 3.9433e-35, 1.5703e-28, 1.3205e-22, 2.4477e-17, 3.4591e-14, 1.4856e-09, 4.9112e-08, 1.6965e-06, 3.5906e-05, 4.5893e-04, 3.6465e-03, 1.9253e-02, 7.3359e-02, 1.9964e-01, 4.3804e-01, 2.3479e-01, 2.5047e-02, 4.7087e-03, 8.5896e-04, 1.3331e-04, 2.0319e-05, 9.2351e-07, 2.6351e-08, 2.7537e-10, 9.3615e-13, 3.2003e-15, 1.1045e-17, 3.4360e-21, 1.2094e-24, 3.3132e-28, 1.3731e-32, 1.0000e-36, 1.0000e-36, 1.0000e-36, 1.0000e-36, 1.0000e-36, 1.0000e-36, 1.0000e-36, 1.0000e-36, 1.0000e-36, 1.0000e-36, 1.0000e-36, 1.0000e-36, 1.0000e-36, 1.0000e-36, 1.0000e-36, 1.0000e-36, 1.0000e-36, 1.0000e-36, 1.0000e-36, 1.0000e-36, 1.0000e-36, 1.0000e-36
2.0071e+02, 1.0000e-36, 1.0000e-36, 1.5802e-36, 7.0077e-30, 6.7605e-24, 1.4513e-18, 2.4557e-15, 1.2732e-10, 5.1115e-09, 2.1784e-07, 5.7997e-06, 9.5194e-05, 9.9021e-04, 6.9665e-03, 3.6101e-02, 1.3589e-01, 4.2036e-01, 3.2665e-01, 5.2056e-02, 1.5147e-02, 4.3588e-03, 1.0884e-03, 2.7189e-04, 2.0976e-05, 1.0429e-06, 1.5557e-08, 7.8422e-11, 5.9996e-13, 5.1107e-15, 3.2989e-18, 3.3656e-21, 2.6999e-24, 2.8003e-28, 4.0514e-32, 1.2278e-36, 1.0000e-36, 1.0000e-36, 1.0000e-36, 1.0000e-36, 1.0000e-36, 1.0000e-36, 1.0000e-36, 1.0000e-36, 1.0000e-36, 1.0000e-36, 1.0000e-36, 1.0000e-36, 1.0000e-36, 1.0000e-36, 1.0000e-36, 1.0000e-36, 1.0000e-36, 1.0000e-36, 1.0000e-36, 1.0000e-36
2.2183e+02, 1.0000e-36, 1.0000e-36, 1.0000e-36, 3.0472e-31, 3.3686e-25, 8.3435e-20, 1.6833e-16, 1.0469e-11, 5.0827e-10, 2.6578e-08, 8.8386e-07, 1.8468e-05, 2.4888e-04, 2.3055e-03, 1.6025e-02, 8.2158e-02, 3.5224e-01, 3.8910e-01, 9.0626e-02, 3.9774e-02, 1.7562e-02, 6.8501e-03, 2.7176e-03, 3.4376e-04, 2.8693e-05, 6.0227e-07, 4.4445e-09, 7.1355e-11, 1.3937e-12, 1.7582e-15, 4.7554e-18, 1.0234e-20, 2.4402e-24, 1.0542e-27, 8.6063e-32, 2.4456e-36, 1.0000e-36, 1.0000e-36, 1.0000e-36, 1.0000e-36, 1.0000e-36, 1.0000e-36, 1.0000e-36, 1.0000e-36, 1.0000e-36, 1.0000e-36, 1.0000e-36, 1.0000e-36, 1.0000e-36, 1.0000e-36, 1.0000e-36, 1.0000e-36, 1.0000e-36, 1.0000e-36, 1.0000e-36
2.4517e+02, 1.0000e-36, 1.0000e-36, 1.0000e-36, 1.2398e-32, 1.5600e-26, 4.4469e-21, 1.0655e-17, 7.8853e-13, 4.6103e-11, 2.9431e-09, 1.2145e-07, 3.2041e-06, 5.5403e-05, 6.6829e-04, 6.1521e-03, 4.2356e-02, 2.4775e-01, 3.8210e-01, 1.2748e-01, 8.2414e-02, 5.4445e-02, 3.2288e-02, 1.9766e-02, 3.9720e-03, 5.3804e-04, 1.5704e-05, 1.6782e-07, 5.3371e-09, 2.2359e-10, 5.2358e-13, 3.4625e-15, 1.8458e-17, 9.4107e-21, 1.1097e-23, 2.2229e-27, 1.5716e-31, 3.6549e-36, 1.0000e-36, 1.0000e-36, 1.0000e-36, 1.0000e-36, 1.0000e-36, 1.0000e-36, 1.0000e-36, 1.0000e-36, 1.0000e-36, 1.0000e-36, 1.0000e-36, 1.0000e-36, 1.0000e-36, 1.0000e-36, 1.0000e-36, 1.0000e-36, 1.0000e-36, 1.0000e-36
2.7096e+02, 1.0000e-36, 1.0000e-36, 1.0000e-36, 4.1009e-34, 5.8044e-28, 1.9015e-22, 5.3909e-19, 4.6995e-14, 3.2965e-12, 2.5568e-10, 1.3011e-08, 4.3016e-07, 9.4583e-06, 1.4705e-04, 1.7720e-03, 1.6173e-02, 1.2721e-01, 2.6943e-01, 1.2642e-01, 1.1783e-01, 1.1381e-01, 1.0013e-01, 9.2143e-02, 2.8583e-02, 6.0925e-03, 2.4487e-04, 3.7530e-06, 2.2456e-07, 1.9001e-08, 7.9014e-11, 1.1876e-12, 1.4588e-14, 1.4954e-17, 4.4371e-20, 2.0133e-23, 3.2638e-27, 1.7904e-31, 1.2036e-35, 1.0000e-36, 1.0000e-36, 1.0000e-36, 1.0000e-36, 1.0000e-36, 1.0000e-36, 1.0000e-36, 1.0000e-36, 1.0000e-36, 1.0000e-36, 1.0000e-36, 1.0000e-36, 1.0000e-36, 1.0000e-36, 1.0000e-36, 1.0000e-36, 1.0000e-36
2.9947e+02, 1.0000e-36, 1.0000e-36, 1.0000e-36, 8.9588e-36, 1.4175e-29, 5.3169e-24, 1.7773e-20, 1.8123e-15, 1.5198e-13, 1.4257e-11, 8.8966e-10, 3.6599e-08, 1.0148e-06, 2.0146e-05, 3.1437e-04, 3.7584e-03, 3.9233e-02, 1.1240e-01, 7.2933e-02, 9.6091e-02, 1.3289e-01, 1.6960e-01, 2.2908e-01, 1.0686e-01, 3.4851e-02, 1.9120e-03, 4.1643e-05, 4.4763e-06, 7.2456e-07, 5.1463e-09, 1.6457e-10, 4.3615e-12, 8.5217e-15, 5.9075e-17, 5.6659e-20, 1.9630e-23, 2.3641e-27, 3.7760e-31, 1.9868e-35, 1.0000e-36, 1.0000e-36, 1.0000e-36, 1.0000e-36, 1.0000e-36, 1.0000e-36, 1.0000e-36, 1.0000e-36, 1.0000e-36, 1.0000e-36, 1.0000e-36, 1.0000e-36, 1.0000e-36, 1.0000e-36, 1.0000e-36, 1.0000e-36
3.3098e+02, 1.0000e-36, 1.0000e-36, 1.0000e-36, 1.0000e-36, 2.3062e-31, 9.8308e-26, 3.8621e-22, 4.5979e-17, 4.5940e-15, 5.1910e-13, 3.9507e-11, 2.0092e-09, 6.9724e-08, 1.7520e-06, 3.5053e-05, 5.4300e-04, 7.4317e-03, 2.8405e-02, 2.5100e-02, 4.5918e-02, 8.9200e-02, 1.6180e-01, 3.1389e-01, 2.1502e-01, 1.0459e-01, 7.7694e-03, 2.3824e-04, 4.4144e-05, 1.3016e-05, 1.5254e-07, 9.7774e-09, 5.2670e-10, 1.8718e-12, 2.8344e-14, 5.4109e-17, 3.7697e-20, 9.3638e-24, 3.2940e-27, 3.7973e-31, 6.1444e-35, 1.0000e-36, 1.0000e-36, 1.0000e-36, 1.0000e-36, 1.0000e-36, 1.0000e-36, 1.0000e-36, 1.0000e-36, 1.0000e-36, 1.0000e-36, 1.0000e-36, 1.0000e-36, 1.0000e-36, 1.0000e-36, 1.0000e-36
3.6580e+02, 1.0000e-36, 1.0000e-36, 1.0000e-36, 1.0000e-36, 3.0801e-33, 1.4826e-27, 6.8248e-24, 9.4827e-19, 1.1253e-16, 1.5256e-14, 1.4090e-12, 8.8053e-11, 3.7973e-09, 1.1982e-07, 3.0457e-06, 6.0520e-05, 1.0740e-03, 5.4074e-03, 6.4166e-03, 1.6035e-02, 4.2996e-02, 1.0881e-01, 2.9724e-01, 2.9258e-01, 2.0738e-01, 2.0700e-02, 8.8539e-04, 2.7249e-04, 1.4003e-04, 2.6258e-06, 3.1967e-07, 3.3157e-08, 2.0565e-10, 6.3989e-12, 2.3070e-14, 3.0649e-17, 1.4866e-20, 1.0787e-23, 2.5589e-27, 9.1599e-31, 2.3287e-34, 1.0000e-36, 1.0000e-36, 1.0000e-36, 1.0000e-36, 1.0000e-36, 1.0000e-36, 1.0000e-36, 1.0000e-36, 1.0000e-36, 1.0000e-36, 1.0000e-36, 1.0000e-36, 1.0000e-36, 1.0000e-36
4.0428e+02, 1.0000e-36, 1.0000e-36, 1.0000e-36, 1.0000e-36, 3.9059e-35, 2.1232e-29, 1.1420e-25, 1.8464e-20, 2.5949e-18, 4.2048e-16, 4.6910e-14, 3.5820e-12, 1.9071e-10, 7.5006e-09, 2.4019e-07, 6.0660e-06, 1.3816e-04, 9.0570e-04, 1.4247e-03, 4.7911e-03, 1.7453e-02, 6.0581e-02, 2.2885e-01, 3.1736e-01, 3.2089e-01, 4.2717e-02, 2.5242e-03, 1.2479e-03, 1.0739e-03, 3.1335e-05, 6.9018e-06, 1.3120e-06, 1.3687e-08, 8.2771e-10, 5.3794e-12, 1.3000e-14, 1.1728e-17, 1.6574e-20, 7.6545e-24, 5.6726e-27, 3.1063e-30, 1.9126e-33, 1.0000e-36, 1.0000e-36, 1.0000e-36, 1.0000e-36, 1.0000e-36, 1.0000e-36, 1.0000e-36, 1.0000e-36, 1.0000e-36, 1.0000e-36, 1.0000e-36, 1.0000e-36, 1.0000e-36
4.4682e+02, 1.0000e-36, 1.0000e-36, 1.0000e-36, 1.0000e-36, 1.0000e-36, 3.0811e-31, 1.9313e-27, 3.6163e-22, 6.0019e-20, 1.1585e-17, 1.5544e-15, 1.4427e-13, 9.4248e-12, 4.5888e-10, 1.8369e-08, 5.8459e-07, 1.6930e-05, 1.4296e-04, 2.9463e-04, 1.3152e-03, 6.4146e-03, 3.0069e-02, 1.5450e-01, 2.9646e-01, 4.1946e-01, 7.3914e-02, 5.9758e-03, 4.6051e-03, 6.4011e-03, 2.8345e-04, 1.0810e-04, 3.6012e-05, 6.1134e-07, 6.8320e-08, 7.6812e-10, 3.2388e-12, 5.2039e-15, 1.3621e-17, 1.1666e-20, 1.6893e-23, 1.8714e-26, 2.6540e-29, 9.3675e-33, 2.0970e-36, 1.0000e-36, 1.0000e-36, 1.0000e-36, 1.0000e-36, 1.0000e-36, 1.0000e-36, 1.0000e-36, 1.0000e-36, 1.0000e-36, 1.0000e-36, 1.0000e-36
4.9383e+02, 1.0000e-36, 1.0000e-36, 1.0000e-36, 1.0000e-36, 1.0000e-36, 4.5811e-33, 3.3379e-29, 7.2089e-24, 1.4092e-21, 3.2295e-19, 5.1904e-17, 5.8266e-15, 4.6444e-13, 2.7814e-11, 1.3818e-09, 5.4984e-08, 2.0073e-06, 2.1620e-05, 5.7745e-05, 3.3792e-04, 2.1772e-03, 1.3588e-02, 9.3542e-02, 2.4429e-01, 4.7517e-01, 1.1003e-01, 1.2053e-02, 1.4089e-02, 3.0615e-02, 2.0108e-03, 1.2762e-03, 7.1522e-04, 1.9176e-05, 3.7820e-06, 7.0889e-08, 5.0236e-10, 1.3826e-12, 6.4095e-15, 9.7453e-18, 2.6200e-20, 5.5544e-23, 1.6949e-25, 1.2167e-28, 5.9520e-32, 1.2247e-35, 1.0000e-36, 1.0000e-36, 1.0000e-36, 1.0000e-36, 1.0000e-36, 1.0000e-36, 1.0000e-36, 1.0000e-36, 1.0000e-36, 1.0000e-36
5.4578e+02, 1.0000e-36, 1.0000e-36, 1.0000e-36, 1.0000e-36, 1.0000e-36, 6.5506e-35, 5.5346e-31, 1.3744e-25, 3.1565e-23, 8.5624e-21, 1.6420e-18, 2.2194e-16, 2.1472e-14, 1.5724e-12, 9.6303e-11, 4.7567e-09, 2.1718e-07, 2.9568e-06, 1.0133e-05, 7.6848e-05, 6.4617e-04, 5.2999e-03, 4.8212e-02, 1.6881e-01, 4.4420e-01, 1.3418e-01, 1.9724e-02, 3.4122e-02, 1.1255e-01, 1.0739e-02, 1.0942e-02, 9.9426e-03, 4.0981e-04, 1.3682e-04, 4.1366e-06, 4.7645e-08, 2.1688e-10, 1.7117e-12, 4.4439e-15, 2.1202e-17, 8.1914e-20, 5.0578e-22, 6.9793e-25, 6.9954e-28, 2.7901e-31, 1.0000e-36, 1.0000e-36, 1.0000e-36, 1.0000e-36, 1.0000e-36, 1.0000e-36, 1.0000e-36, 1.0000e-36, 1.0000e-36, 1.0000e-36
6.0320e+02, 1.0000e-36, 1.0000e-36, 1.0000e-36, 1.0000e-36, 1.0000e-36, 1.0000e-36, 7.0765e-33, 2.0155e-27, 5.4259e-25, 1.7371e-22, 3.9607e-20, 6.4188e-18, 7.5004e-16, 6.6793e-14, 5.0123e-12, 3.0526e-10, 1.7303e-08, 2.9530e-07, 1.2868e-06, 1.2514e-05, 1.3580e-04, 1.4464e-03, 1.7168e-02, 7.9491e-02, 2.7882e-01, 1.0910e-01, 2.1319e-02, 5.3374e-02, 2.6014e-01, 3.5386e-02, 5.6036e-02, 7.9814e-02, 4.9352e-03, 2.6854e-03, 1.2711e-04, 2.3086e-06, 1.6840e-08, 2.1837e-10, 9.3473e-13, 7.6015e-15, 5.1240e-17, 6.0548e-19, 1.5275e-21, 2.9617e-24, 2.1012e-27, 4.5779e-33, 1.0000e-36, 1.0000e-36, 1.0000e-36, 1.0000e-36, 1.0000e-36, 1.0000e-36, 1.0000e-36, 1.0000e-36, 1.0000e-36
6.6667e+02, 1.0000e-36, 1.0000e-36, 1.0000e-36, 1.0000e-36, 1.0000e-36, 1.0000e-36, 5.1413e-35, 1.6762e-29, 5.2777e-27, 1.9886e-24, 5.3734e-22, 1.0400e-19, 1.4611e-17, 1.5743e-15, 1.4393e-13, 1.0742e-11, 7.5081e-10, 1.5941e-08, 8.7583e-08, 1.0818e-06, 1.4995e-05, 2.0516e-04, 3.1409e-03, 1.8990e-02, 8.7604e-02, 4.4092e-02, 1.1348e-02, 4.0294e-02, 2.8324e-01, 5.3984e-02, 1.2902e-01, 2.7939e-01, 2.5346e-02, 2.1718e-02, 1.5668e-03, 4.3665e-05, 4.9602e-07, 1.0237e-08, 7.0006e-11, 9.3613e-13, 1.0590e-14, 2.2773e-16, 1.0047e-18, 3.5806e-21, 4.1945e-24, 3.0337e-29, 8.4442e-35, 1.0000e-36, 1.0000e-36, 1.0000e-36, 1.0000e-36, 1.0000e-36, 1.0000e-36, 1.0000e-36, 1.0000e-36
7.3681e+02, 1.0000e-36, 1.0000e-36, 1.0000e-36, 1.0000e-36, 1.0000e-36, 1.0000e-36, 1.0000e-36, 8.4067e-32, 3.0892e-29, 1.3665e-26, 4.3618e-24, 1.0044e-21, 1.6895e-19, 2.1924e-17, 2.4290e-15, 2.2089e-13, 1.8920e-11, 4.9619e-10, 3.4109e-09, 5.3040e-08, 9.3029e-07, 1.6187e-05, 3.1624e-04, 2.4682e-03, 1.4791e-02, 9.5110e-03, 3.1958e-03, 1.5799e-02, 1.5668e-01, 4.1183e-02, 1.4464e-01, 4.6315e-01, 6.0412e-02, 7.9000e-02, 8.4782e-03, 3.5370e-04, 6.0971e-06, 1.9461e-07, 2.0665e-09, 4.3997e-11, 8.0684e-13, 3.0163e-14, 2.2369e-16, 1.4000e-18, 2.5449e-21, 5.4165e-26, 4.3169e-31, 2.6305e-36, 1.0000e-36, 1.0000e-36, 1.0000e-36, 1.0000e-36, 1.0000e-36, 1.0000e-36, 1.0000e-36
8.1433e+02, 1.0000e-36, 1.0000e-36, 1.0000e-36, 1.0000e-36, 1.0000e-36, 1.0000e-36, 1.0000e-36, 3.4353e-34, 1.4704e-31, 7.6171e-29, 2.8637e-26, 7.8189e-24, 1.5684e-21, 2.4403e-19, 3.2603e-17, 3.5934e-15, 3.7498e-13, 1.2069e-11, 1.0306e-10, 2.0011e-09, 4.4028e-08, 9.6534e-07, 2.3833e-05, 2.3758e-04, 1.8286e-03, 1.4924e-03, 6.4913e-04, 4.3933e-03, 6.0242e-02, 2.1523e-02, 1.0844e-01, 5.0058e-01, 9.2159e-02, 1.7877e-01, 2.7915e-02, 1.7046e-03, 4.3548e-05, 2.0948e-06, 3.3658e-08, 1.1082e-09, 3.1928e-11, 1.9909e-12, 2.3952e-14, 2.5275e-16, 6.7867e-19, 3.8173e-23, 7.7869e-28, 1.4086e-32, 1.0000e-36, 1.0000e-36, 1.0000e-36, 1.0000e-36, 1.0000e-36, 1.0000e-36, 1.0000e-36
9.0000e+02, 1.0000e-36, 1.0000e-36, 1.0000e-36, 1.0000e-36, 1.0000e-36, 1.0000e-36, 1.0000e-36, 1.3436e-36, 6.6860e-34, 4.0467e-31, 1.7870e-28, 5.7660e-26, 1.3742e-23, 2.5532e-21, 4.0947e-19, 5.4427e-17, 6.8828e-15, 2.7021e-13, 2.8476e-12, 6.8518e-11, 1.8761e-09, 5.1395e-08, 1.5892e-06, 2.0037e-05, 1.9604e-04, 2.0180e-04, 1.1269e-04, 1.0282e-03, 1.9143e-02, 9.1734e-03, 6.4861e-02, 4.2183e-01, 1.0778e-01, 3.0222e-01, 6.7302e-02, 5.8940e-03, 2.1843e-04, 1.5468e-05, 3.6737e-07, 1.8221e-08, 8.0191e-10, 8.0337e-11, 1.5188e-12, 2.6064e-14, 9.9531e-17, 1.3453e-20, 6.3845e-25, 3.0985e-29, 7.8712e-34, 1.0000e-36, 1.0000e-36, 1.0000e-36, 1.0000e-36, 1.0000e-36, 1.0000e-36
9.9469e+02, 1.0000e-36, 1.0000e-36, 1.0000e-36, 1.0000e-36, 1.0000e-36, 1.0000e-36, 1.0000e-36, 1.0000e-36, 3.0683e-36, 2.1651e-33, 1.1200e-30, 4.2580e-28, 1.2016e-25, 2.6556e-23, 5.0907e-21, 8.1233e-19, 1.2387e-16, 5.8985e-15, 7.6246e-14, 2.2579e-12, 7.6373e-11, 2.5938e-09, 9.9619e-08, 1.5746e-06, 1.9396e-05, 2.5029e-05, 1.7809e-05, 2.1600e-04, 5.3698e-03, 3.4092e-03, 3.3161e-02, 2.9755e-01, 1.0389e-01, 4.1133e-01, 1.2827e-01, 1.5813e-02, 8.3369e-04, 8.5082e-05, 2.9238e-06, 2.1332e-07, 1.3981e-08, 2.1751e-09, 6.2794e-11, 1.6967e-12, 8.9484e-15, 2.6744e-18, 2.7224e-22, 3.2371e-26, 2.0986e-30, 5.6631e-35, 1.0000e-36, 1.0000e-36, 1.0000e-36, 1.0000e-36, 1.0000e-36
1.0993e+03, 1.0000e-36, 1.0000e-36, 1.0000e-36, 1.0000e-36, 1.0000e-36, 1.0000e-36, 1.0000e-36, 1.0000e-36, 1.0000e-36, 1.1994e-35, 7.2511e-33, 3.2388e-30, 1.0787e-27, 2.8259e-25, 6.4497e-23, 1.2303e-20, 2.2518e-18, 1.2939e-16, 2.0401e-15, 7.3880e-14, 3.0663e-12, 1.2818e-10, 6.0687e-09, 1.1927e-07, 1.8336e-06, 2.9490e-06, 2.6542e-06, 4.2248e-05, 1.3814e-03, 1.1490e-03, 1.5100e-02, 1.8342e-01, 8.6293e-02, 4.7225e-01, 2.0281e-01, 3.4608e-02, 2.5500e-03, 3.6789e-04, 1.7943e-05, 1.8848e-06, 1.7979e-07, 4.2123e-08, 1.8098e-09, 7.4823e-11, 5.3339e-13, 3.2803e-16, 6.6908e-20, 1.7983e-23, 2.7364e-27, 1.8923e-31, 5.8533e-36, 1.0000e-36, 1.0000e-36, 1.0000e-36, 1.0000e-36
1.2150e+03, 1.0000e-36, 1.0000e-36, 1.0000e-36, 1.0000e-36, 1.0000e-36, 1.0000e-36, 1.0000e-36, 1.0000e-36, 1.0000e-36, 1.0000e-36, 4.9698e-35, 2.6011e-32, 1.0194e-29, 3.1549e-27, 8.5417e-25, 1.9401e-22, 4.2438e-20, 2.9287e-18, 5.6029e-17, 2.4667e-15, 1.2484e-13, 6.3809e-12, 3.6983e-10, 8.9688e-09, 1.7072e-07, 3.4031e-07, 3.8478e-07, 7.9441e-06, 3.3695e-04, 3.6341e-04, 6.3472e-03, 1.0258e-01, 6.4191e-02, 4.7626e-01, 2.7744e-01, 6.4525e-02, 6.5375e-03, 1.3101e-03, 8.9099e-05, 1.3216e-05, 1.7968e-06, 6.1655e-07, 3.8511e-08, 2.3749e-09, 2.2511e-11, 2.6757e-14, 1.0314e-17, 5.8328e-21, 1.9332e-24, 3.1599e-28, 2.3605e-32, 1.0797e-36, 1.0000e-36, 1.0000e-36, 1.0000e-36
1.3428e+03, 1.0000e-36, 1.0000e-36, 1.0000e-36, 1.0000e-36, 1.0000e-36, 1.0000e-36, 1.0000e-36, 1.0000e-36, 1.0000e-36, 1.0000e-36, 1.0000e-36, 2.2424e-34, 1.0311e-31, 3.7585e-29, 1.2030e-26, 3.2415e-24, 8.4406e-22, 6.9645e-20, 1.6089e-18, 8.5647e-17, 5.2549e-15, 3.2643e-13, 2.3011e-11, 6.8386e-10, 1.5997e-08, 3.9320e-08, 5.5491e-08, 1.4700e-06, 7.9869e-05, 1.1064e-04, 2.5300e-03, 5.3550e-02, 4.4049e-02, 4.3535e-01, 3.3927e-01, 1.0604e-01, 1.4556e-02, 3.9875e-03, 3.7214e-04, 7.6566e-05, 1.4560e-05, 7.1345e-06, 6.3436e-07, 5.7043e-08, 7.1035e-10, 1.5458e-12, 1.0709e-15, 1.1964e-18, 8.0832e-22, 2.9047e-25, 4.8569e-29, 5.1336e-33, 1.0000e-36, 1.0000e-36, 1.0000e-36
1.4841e+03, 1.0000e-36, 1.0000e-36, 1.0000e-36, 1.0000e-36, 1.0000e-36, 1.0000e-36, 1.0000e-36, 1.0000e-36, 1.0000e-36, 1.0000e-36, 1.0000e-36, 2.0867e-36, 1.1229e-33, 4.8065e-31, 1.8127e-28, 5.7750e-26, 1.7834e-23, 1.7522e-21, 4.8663e-20, 3.1164e-18, 2.3057e-16, 1.7309e-14, 1.4752e-12, 5.3382e-11, 1.5242e-09, 4.5965e-09, 8.0477e-09, 2.7084e-07, 1.8635e-05, 3.2865e-05, 9.7058e-04, 2.6524e-02, 2.8367e-02, 3.6756e-01, 3.7835e-01, 1.5687e-01, 2.8785e-02, 1.0623e-02, 1.3406e-03, 3.7646e-04, 9.8421e-05, 6.7308e-05, 8.3570e-06, 1.0739e-06, 1.7411e-08, 6.6156e-11, 7.8864e-14, 1.6459e-16, 2.1375e-19, 1.5820e-22, 5.5314e-26, 1.2600e-29, 1.1541e-33, 1.0000e-36, 1.0000e-36
1.6403e+03, 1.0000e-36, 1.0000e-36, 1.0000e-36, 1.0000e-36, 1.0000e-36, 1.0000e-36, 1.0000e-36, 1.0000e-36, 1.0000e-36, 1.0000e-36, 1.0000e-36, 1.0000e-36, 1.3090e-35, 6.5616e-33, 2.9073e-30, 1.0915e-27, 3.9840e-25, 4.6430e-23, 1.5437e-21, 1.1837e-19, 1.0509e-17, 9.4844e-16, 9.7195e-14, 4.2570e-12, 1.4744e-10, 5.4292e-10, 1.1726e-09, 4.9680e-08, 4.2832e-06, 9.5393e-06, 3.5935e-04, 1.2515e-02, 1.7229e-02, 2.8844e-01, 3.8764e-01, 2.1071e-01, 5.1045e-02, 2.5041e-02, 4.2161e-03, 1.5923e-03, 5.6339e-04, 5.2667e-04, 8.9734e-05, 1.6182e-05, 3.3928e-07, 2.1597e-09, 4.2637e-12, 1.5825e-14, 3.7494e-17, 5.3906e-20, 3.7084e-23, 1.7095e-26, 3.2514e-30, 1.0000e-36, 1.0000e-36
1.8128e+03, 1.0000e-36, 1.0000e-36, 1.0000e-36, 1.0000e-36, 1.0000e-36, 1.0000e-36, 1.0000e-36, 1.0000e-36, 1.0000e-36, 1.0000e-36, 1.0000e-36, 1.0000e-36, 1.0000e-36, 9.3898e-35, 4.8741e-32, 2.1502e-29, 9.2456e-27, 1.2735e-24, 5.0495e-23, 4.6163e-21, 4.8955e-19, 5.2856e-17, 6.4799e-15, 3.4165e-13, 1.4269e-11, 6.3878e-11, 1.6928e-10, 8.9533e-09, 9.5801e-07, 2.6744e-06, 1.2706e-04, 5.5727e-03, 9.7853e-03, 2.0888e-01, 3.6260e-01, 2.5563e-01, 8.0833e-02, 5.2072e-02, 1.1554e-02, 5.7901e-03, 2.7332e-03, 3.4276e-03, 7.8877e-04, 1.9642e-04, 5.2978e-06, 5.4480e-08, 1.7224e-10, 1.0884e-12, 4.4927e-15, 1.1907e-17, 1.5266e-20, 1.3457e-23, 5.0133e-27, 1.0000e-36, 1.0000e-36
2.0036e+03, 1.0000e-36, 1.0000e-36, 1.0000e-36, 1.0000e-36, 1.0000e-36, 1.0000e-36, 1.0000e-36, 1.0000e-36, 1.0000e-36, 1.0000e-36, 1.0000e-36, 1.0000e-36, 1.0000e-36, 1.3515e-36, 8.1975e-34, 4.2371e-31, 2.1399e-28, 3.4722e-26, 1.6360e-24, 1.7760e-22, 2.2402e-20, 2.8808e-18, 4.2050e-16, 2.6554e-14, 1.3302e-12, 7.2093e-12, 2.3324e-11, 1.5282e-09, 2.0117e-07, 6.9905e-07, 4.1453e-05, 2.2651e-03, 5.0302e-03, 1.3528e-01, 3.0037e-01, 2.7191e-01, 1.1107e-01, 9.2912e-02, 2.6867e-02, 1.7645e-02, 1.0968e-02, 1.8139e-02, 5.5565e-03, 1.8830e-03, 6.5058e-05, 1.0465e-06, 5.1414e-09, 5.3223e-11, 3.6730e-13, 1.7119e-15, 3.8964e-18, 6.2420e-21, 4.3194e-24, 1.0358e-34, 1.0000e-36
2.2143e+03, 1.0000e-36, 1.0000e-36, 1.0000e-36, 1.0000e-36, 1.0000e-36, 1.0000e-36, 1.0000e-36, 1.0000e-36, 1.0000e-36, 1.0000e-36, 1.0000e-36, 1.0000e-36, 1.0000e-36, 1.0000e-36, 1.2546e-35, 7.5783e-33, 4.4829e-30, 8.5420e-28, 4.7668e-26, 6.1219e-24, 9.1488e-22, 1.3955e-19, 2.4148e-17, 1.8179e-15, 1.0869e-13, 7.1032e-13, 2.7926e-12, 2.2506e-10, 3.6155e-08, 1.5539e-07, 1.1394e-05, 7.6811e-04, 2.1405e-03, 7.1737e-02, 2.0191e-01, 2.3256e-01, 1.2155e-01, 1.3069e-01, 4.8745e-02, 4.1488e-02, 3.3554e-02, 7.2054e-02, 2.8998e-02, 1.3197e-02, 5.8202e-04, 1.4233e-05, 1.0581e-07, 1.7339e-09, 1.9290e-11, 1.5159e-13, 5.8662e-16, 1.6313e-18, 1.9987e-21, 3.4850e-31, 1.0000e-36
2.4473e+03, 1.0000e-36, 1.0000e-36, 1.0000e-36, 1.0000e-36, 1.0000e-36, 1.0000e-36, 1.0000e-36, 1.0000e-36, 1.0000e-36, 1.0000e-36, 1.0000e-36, 1.0000e-36, 1.0000e-36, 1.0000e-36, 1.0000e-36, 1.0355e-34, 7.1556e-32, 1.5966e-29, 1.0519e-27, 1.5927e-25, 2.8097e-23, 5.0638e-21, 1.0346e-18, 9.2453e-17, 6.5675e-15, 5.1559e-14, 2.4524e-13, 2.4150e-11, 4.6998e-09, 2.4836e-08, 2.2323e-06, 1.8400e-04, 6.3881e-04, 2.6416e-02, 9.3467e-02, 1.3583e-01, 9.0040e-02, 1.2327e-01, 5.8740e-02, 6.4121e-02, 6.6736e-02, 1.8348e-01, 9.5838e-02, 5.7871e-02, 3.2469e-03, 1.1767e-04, 1.2921e-06, 3.2506e-08, 5.6423e-10, 7.1978e-12, 4.5554e-14, 2.1098e-16, 4.3815e-19, 4.6530e-28, 1.0000e-36
2.7048e+03, 1.0000e-36, 1.0000e-36, 1.0000e-36, 1.0000e-36, 1.0000e-36, 1.0000e-36, 1.0000e-36, 1.0000e-36, 1.0000e-36, 1.0000e-36, 1.0000e-36, 1.0000e-36, 1.0000e-36, 1.0000e-36, 1.0000e-36, 1.0000e-36, 7.9327e-34, 2.0669e-31, 1.6032e-29, 2.8525e-27, 5.9196e-25, 1.2560e-22, 3.0187e-20, 3.1890e-18, 2.6799e-16, 2.5185e-15, 1.4433e-14, 1.7261e-12, 4.0420e-10, 2.6118e-09, 2.8549e-07, 2.8540e-05, 1.2262e-04, 6.1997e-03, 2.7367e-02, 4.9790e-02, 4.1523e-02, 7.1755e-02, 4.3306e-02, 6.0053e-02, 7.9624e-02, 2.7672e-01, 1.8552e-01, 1.4698e-01, 1.0457e-02, 5.4888e-04, 8.7125e-06, 3.2742e-07, 8.6120e-09, 1.7237e-10, 1.7232e-12, 1.2805e-14, 4.3325e-17, 2.3866e-25, 3.2008e-34
2.9894e+03, 1.0000e-36, 1.0000e-36, 1.0000e-36, 1.0000e-36, 1.0000e-36, 1.0000e-36, 1.0000e-36, 1.0000e-36, 1.0000e-36, 1.0000e-36, 1.0000e-36, 1.0000e-36, 1.0000e-36, 1.0000e-36, 1.0000e-36, 1.0000e-36, 7.0097e-36, 2.1275e-33, 1.9373e-31, 4.0383e-29, 9.8275e-27, 2.4467e-24, 6.8929e-22, 8.5763e-20, 8.4929e-18, 9.5222e-17, 6.5495e-16, 9.4592e-14, 2.6487e-11, 2.0821e-10, 2.7477e-08, 3.3066e-06, 1.7473e-05, 1.0713e-03, 5.8578e-03, 1.3248e-02, 1.3795e-02, 2.9851e-02, 2.2635e-02, 3.9524e-02, 6.6143e-02, 2.8721e-01, 2.4463e-01, 2.5166e-01, 2.2628e-02, 1.6853e-03, 3.7920e-05, 2.0771e-06, 8.0641e-08, 2.4557e-09, 3.7588e-11, 4.3334e-13, 2.3040e-15, 5.6914e-23, 3.5345e-31
3.3039e+03, 1.0000e-36, 1.0000e-36, 1.0000e-36, 1.0000e-36, 1.0000e-36, 1.0000e-36, 1.0000e-36, 1.0000e-36, 1.0000e-36, 1.0000e-36, 1.0000e-36, 1.0000e-36, 1.0000e-36, 1.0000e-36, 1.0000e-36, 1.0000e-36, 1.0000e-36, 2.0662e-35, 2.2032e-33, 5.3653e-31, 1.5266e-28, 4.4459e-26, 1.4634e-23, 2.1370e-21, 2.4846e-19, 3.3131e-18, 2.7250e-17, 4.7281e-15, 1.5741e-12, 1.4981e-11, 2.3713e-09, 3.4120e-07, 2.2048e-06, 1.6270e-04, 1.0948e-03, 3.0575e-03, 3.9483e-03, 1.0620e-02, 1.0042e-02, 2.1904e-02, 4.5871e-02, 2.4626e-01, 2.6400e-01, 3.4925e-01, 3.9552e-02, 4.1027e-03, 1.2855e-04, 1.0039e-05, 5.6191e-07, 2.5325e-08, 5.7707e-10, 1.0013e-11, 8.0956e-14, 7.8628e-21, 1.9759e-28
3.6515e+03, 1.0000e-36, 1.0000e-36, 1.0000e-36, 1.0000e-36, 1.0000e-36, 1.0000e-36, 1.0000e-36, 1.0000e-36, 1.0000e-36, 1.0000e-36, 1.0000e-36, 1.0000e-36, 1.0000e-36, 1.0000e-36, 1.0000e-36, 1.0000e-36, 1.0000e-36, 1.0000e-36, 2.5624e-35, 7.2709e-33, 2.4122e-30, 8.1939e-28, 3.1417e-25, 5.3675e-23, 7.3021e-21, 1.1545e-19, 1.1317e-18, 2.3476e-16, 9.2445e-14, 1.0605e-12, 2.0012e-10, 3.4215e-08, 2.6895e-07, 2.3723e-05, 1.9527e-04, 6.6929e-04, 1.0650e-03, 3.5366e-03, 4.1423e-03, 1.1202e-02, 2.9128e-02, 1.9149e-01, 2.5617e-01, 4.3186e-01, 6.1379e-02, 8.7197e-03, 3.7438e-04, 4.0863e-05, 3.2281e-06, 2.1003e-07, 6.9474e-09, 1.7654e-10, 2.1064e-12, 7.1419e-19, 6.4266e-26
4.0357e+03, 1.0000e-36, 1.0000e-36, 1.0000e-36, 1.0000e-36, 1.0000e-36, 1.0000e-36, 1.0000e-36, 1.0000e-36, 1.0000e-36, 1.0000e-36, 1.0000e-36, 1.0000e-36, 1.0000e-36, 1.0000e-36, 1.0000e-36, 1.0000e-36, 1.0000e-36, 1.0000e-36, 1.0000e-36, 1.0352e-34, 3.9943e-32, 1.5783e-29, 7.0291e-27, 1.4008e-24, 2.2228e-22, 4.1556e-21, 4.8392e-20, 1.1947e-17, 5.5379e-15, 7.6261e-14, 1.7060e-11, 3.4464e-09, 3.2792e-08, 3.4359e-06, 3.4403e-05, 1.4390e-04, 2.8050e-04, 1.1427e-03, 1.6474e-03, 5.4859e-03, 1.7583e-02, 1.4032e-01, 2.3239e-01, 4.9501e-01, 8.7960e-02, 1.6855e-02, 9.7719e-04, 1.4641e-04, 1.6012e-05, 1.4704e-06, 6.9010e-08, 2.5053e-09, 4.2920e-11, 4.5609e-17, 1.3157e-23
4.4602e+03, 1.0000e-36, 1.0000e-36, 1.0000e-36, 1.0000e-36, 1.0000e-36, 1.0000e-36, 1.0000e-36, 1.0000e-36, 1.0000e-36, 1.0000e-36, 1.0000e-36, 1.0000e-36, 1.0000e-36, 1.0000e-36, 1.0000e-36, 1.0000e-36, 1.0000e-36, 1.0000e-36, 1.0000e-36, 1.5616e-36, 6.9903e-34, 3.2048e-31, 1.6537e-28, 3.8331e-26, 7.0739e-24, 1.5597e-22, 2.1511e-21, 6.2943e-19, 3.4193e-16, 5.6306e-15, 1.4857e-12, 3.5280e-10, 4.0446e-09, 5.0057e-07, 6.0650e-06, 3.0797e-05, 7.3141e-05, 3.6343e-04, 6.4111e-04, 2.6122e-03, 1.0251e-02, 9.8527e-02, 2.0053e-01, 5.3540e-01, 1.1848e-01, 3.0203e-02, 2.3330e-03, 4.7202e-04, 7.0241e-05, 8.9194e-06, 5.8187e-07, 2.9511e-08, 7.0802e-10, 2.1391e-15, 1.7904e-21
4.9295e+03, 1.0000e-36, 1.0000e-36, 1.0000e-36, 1.0000e-36, 1.0000e-36, 1.0000e-36, 1.0000e-36, 1.0000e-36, 1.0000e-36, 1.0000e-36, 1.0000e-36, 1.0000e-36, 1.0000e-36, 1.0000e-36, 1.0000e-36, 1.0000e-36, 1.0000e-36, 1.0000e-36, 1.0000e-36, 1.0000e-36, 1.2934e-35, 6.8641e-33, 4.0934e-30, 1.1007e-27, 2.3561e-25, 6.1109e-24, 9.9536e-23, 3.4387e-20, 2.1804e-17, 4.2781e-16, 1.3252e-13, 3.6817e-11, 5.0639e-10, 7.3641e-08, 1.0745e-06, 6.5915e-06, 1.8976e-05, 1.1439e-04, 2.4558e-04, 1.2171e-03, 5.8119e-03, 6.6790e-02, 1.6593e-01, 5.5108e-01, 1.5127e-01, 5.0653e-02, 5.1496e-03, 1.3862e-03, 2.7625e-04, 4.7617e-05, 4.2378e-06, 2.9423e-07, 9.6628e-09, 7.5972e-14, 1.6852e-19
5.4481e+03, 1.0000e-36, 1.0000e-36, 1.0000e-36, 1.0000e-36, 1.0000e-36, 1.0000e-36, 1.0000e-36, 1.0000e-36, 1.0000e-36, 1.0000e-36, 1.0000e-36, 1.0000e-36, 1.0000e-36, 1.0000e-36, 1.0000e-36, 1.0000e-36, 1.0000e-36, 1.0000e-36, 1.0000e-36, 1.0000e-36, 1.0000e-36, 1.5432e-34, 1.0612e-31, 3.3025e-29, 8.1779e-27, 2.4892e-25, 4.7757e-24, 1.9409e-21, 1.4311e-18, 3.3344e-17, 1.2073e-14, 3.9076e-12, 6.4229e-11, 1.0923e-08, 1.9108e-07, 1.4097e-06, 4.8963e-06, 3.5627e-05, 9.2624e-05, 5.5534e-04, 3.2083e-03, 4.3797e-02, 1.3199e-01, 5.4137e-01, 1.8359e-01, 7.9823e-02, 1.0562e-02, 3.7321e-03, 9.8178e-04, 2.2589e-04, 2.6966e-05, 2.5165e-06, 1.1081e-07, 2.0931e-12, 1.1338e-17
6.0213e+03, 1.0000e-36, 1.0000e-36, 1.0000e-36, 1.0000e-36, 1.0000e-36, 1.0000e-36, 1.0000e-36, 1.0000e-36, 1.0000e-36, 1.0000e-36, 1.0000e-36, 1.0000e-36, 1.0000e-36, 1.0000e-36, 1.0000e-36, 1.0000e-36, 1.0000e-36, 1.0000e-36, 1.0000e-36, 1.0000e-36, 1.0000e-36, 3.6101e-36, 2.8565e-33, 1.0264e-30, 2.9336e-28, 1.0456e-26, 2.3569e-25, 1.1231e-22, 9.5963e-20, 2.6468e-18, 1.1159e-15, 4.1906e-13, 8.2011e-12, 1.6240e-09, 3.3917e-08, 2.9965e-07, 1.2503e-06, 1.0930e-05, 3.4251e-05, 2.4718e-04, 1.7185e-03, 2.7701e-02, 1.0068e-01, 5.0656e-01, 2.1135e-01, 1.1807e-01, 2.0124e-02, 9.2199e-03, 3.1599e-03, 9.5572e-04, 1.5069e-04, 1.8589e-05, 1.0771e-06, 4.5467e-11, 5.5845e-16
6.6548e+03, 1.0000e-36, 1.0000e-36, 1.0000e-36, 1.0000e-36, 1.0000e-36, 1.0000e-36, 1.0000e-36, 1.0000e-36, 1.0000e-36, 1.0000e-36, 1.0000e-36, 1.0000e-36, 1.0000e-36, 1.0000e-36, 1.0000e-36, 1.0000e-36, 1.0000e-36, 1.0000e-36, 1.0000e-36, 1.0000e-36, 1.0000e-36, 1.0000e-36, 7.8702e-35, 3.2586e-32, 1.0725e-29, 4.4663e-28, 1.1801e-26, 6.5723e-24, 6.4876e-21, 2.1120e-19, 1.0329e-16, 4.4850e-14, 1.0414e-12, 2.3917e-10, 5.9404e-09, 6.2605e-08, 3.1251e-07, 3.2684e-06, 1.2291e-05, 1.0626e-04, 8.8467e-04, 1.6747e-02, 7.3022e-02, 4.4777e-01, 2.2892e-01, 1.6272e-01, 3.5393e-02, 2.0788e-02, 9.1715e-03, 3.5961e-03, 7.3850e-04, 1.1862e-04, 8.8923e-06, 7.8566e-10, 2.0461e-14
7.3550e+03, 1.0000e-36, 1.0000e-36, 1.0000e-36, 1.0000e-36, 1.0000e-36, 1.0000e-36, 1.0000e-36, 1.0000e-36, 1.0000e-36, 1.0000e-36, 1.0000e-36, 1.0000e-36, 1.0000e-36, 1.0000e-36, 1.0000e-36, 1.0000e-36, 1.0000e-36, 1.0000e-36, 1.0000e-36, 1.0000e-36, 1.0000e-36, 1.0000e-36, 2.1692e-36, 1.0328e-33, 3.9066e-31, 1.8970e-29, 5.8624e-28, 3.8047e-25, 4.3260e-22, 1.6575e-20, 9.3735e-18, 4.6902e-15, 1.2880e-13, 3.4182e-11, 1.0060e-09, 1.2601e-08, 7.4968e-08, 9.3418e-07, 4.1989e-06, 4.3300e-05, 4.2971e-04, 9.5059e-03, 4.9475e-02, 3.6753e-01, 2.2931e-01, 2.0557e-01, 5.6566e-02, 4.2156e-02, 2.3681e-02, 1.1885e-02, 3.1386e-03, 6.4750e-04, 6.1858e-05, 1.0781e-08, 5.6024e-13
8.1288e+03, 1.0000e-36, 1.0000e-36, 1.0000e-36, 1.0000e-36, 1.0000e-36, 1.0000e-36, 1.0000e-36, 1.0000e-36, 1.0000e-36, 1.0000e-36, 1.0000e-36, 1.0000e-36, 1.0000e-36, 1.0000e-36, 1.0000e-36, 1.0000e-36, 1.0000e-36, 1.0000e-36, 1.0000e-36, 1.0000e-36, 1.0000e-36, 1.0000e-36, 1.0000e-36, 3.1535e-35, 1.3682e-32, 7.7328e-31, 2.7889e-29, 2.1036e-26, 2.7476e-23, 1.2359e-21, 8.0564e-19, 4.6313e-16, 1.4997e-14, 4.5838e-12, 1.5931e-10, 2.3636e-09, 1.6701e-08, 2.4703e-07, 1.3222e-06, 1.6197e-05, 1.9079e-04, 4.9098e-03, 3.0363e-02, 2.7169e-01, 2.0606e-01, 2.3108e-01, 7.9802e-02, 7.4750e-02, 5.2929e-02, 3.3612e-02, 1.1281e-02, 2.9525e-03, 3.5464e-04, 1.1555e-07, 1.1341e-11
8.9840e+03, 1.0000e-36, 1.0000e-36, 1.0000e-36, 1.0000e-36, 1.0000e-36, 1.0000e-36, 1.0000e-36, 1.0000e-36, 1.0000e-36, 1.0000e-36, 1.0000e-36, 1.0000e-36, 1.0000e-36, 1.0000e-36, 1.0000e-36, 1.0000e-36, 1.0000e-36, 1.0000e-36, 1.0000e-36, 1.0000e-36, 1.0000e-36, 1.0000e-36, 1.0000e-36, 1.0000e-36, 4.3881e-34, 2.8813e-32, 1.2104e-30, 1.0583e-27, 1.5840e-24, 8.3443e-23, 6.2522e-20, 4.1179e-17, 1.5678e-15, 5.5026e-13, 2.2514e-11, 3.9438e-10, 3.2987e-09, 5.7715e-08, 3.6655e-07, 5.3141e-06, 7.4004e-05, 2.2064e-03, 1.6144e-02, 1.7308e-01, 1.5896e-01, 2.2132e-01, 9.5221e-02, 1.1114e-01, 9.8285e-02, 7.8143e-02, 3.2980e-02, 1.0828e-02, 1.6159e-03, 9.3769e-07, 1.6538e-10
9.9293e+03, 1.0000e-36, 1.0000e-36, 1.0000e-36, 1.0000e-36, 1.0000e-36, 1.0000e-36, 1.0000e-36, 1.0000e-36, 1.0000e-36, 1.0000e-36, 1.0000e-36, 1.0000e-36, 1.0000e-36, 1.0000e-36, 1.0000e-36, 1.0000e-36, 1.0000e-36, 1.0000e-36, 1.0000e-36, 1.0000e-36, 1.0000e-36, 1.0000e-36, 1.0000e-36, 1.0000e-36, 1.2307e-35, 9.3722e-34, 4.5770e-32, 4.6284e-29, 7.9196e-26, 4.8749e-24, 4.1876e-21, 3.1519e-18, 1.4072e-16, 5.6556e-14, 2.7159e-12, 5.6006e-11, 5.5281e-10, 1.1403e-08, 8.5660e-08, 1.4645e-06, 2.4022e-05, 8.2667e-04, 7.1277e-03, 9.1097e-02, 1.0094e-01, 1.7327e-01, 9.2245e-02, 1.3308e-01, 1.4575e-01, 1.4368e-01, 7.5514e-02, 3.0786e-02, 5.6479e-03, 5.5862e-06, 1.6924e-09
1.0974e+04, 1.0000e-36, 1.0000e-36, 1.0000e-36, 1.0000e-36, 1.0000e-36, 1.0000e-36, 1.0000e-36, 1.0000e-36, 1.0000e-36, 1.0000e-36, 1.0000e-36, 1.0000e-36, 1.0000e-36, 1.0000e-36, 1.0000e-36, 1.0000e-36, 1.0000e-36, 1.0000e-36, 1.0000e-36, 1.0000e-36, 1.0000e-36, 1.0000e-36, 1.0000e-36, 1.0000e-36, 1.0000e-36, 2.6265e-35, 1.4885e-33, 1.7369e-30, 3.3906e-27, 2.4333e-25, 2.3907e-22, 2.0515e-19, 1.0714e-17, 4.9181e-15, 2.7644e-13, 6.6918e-12, 7.7724e-11, 1.8845e-09, 1.6691e-08, 3.3540e-07, 6.4580e-06, 2.5563e-04, 2.5878e-03, 3.9241e-02, 5.2269e-02, 1.0991e-01, 7.1948e-02, 1.2736e-01, 1.7139e-01, 2.0766e-01, 1.3469e-01, 6.7561e-02, 1.5097e-02, 2.4459e-05, 1.2219e-08
1.2128e+04, 1.0000e-36, 1.0000e-36, 1.0000e-36, 1.0000e-36, 1.0000e-36, 1.0000e-36, 1.0000e-36, 1.0000e-36, 1.0000e-36, 1.0000e-36, 1.0000e-36, 1.0000e-36, 1.0000e-36, 1.0000e-36, 1.0000e-36, 1.0000e-36, 1.0000e-36, 1.0000e-36, 1.0000e-36, 1.0000e-36, 1.0000e-36, 1.0000e-36, 1.0000e-36, 1.0000e-36, 1.0000e-36, 1.0000e-36, 4.2920e-35, 5.7669e-32, 1.2818e-28, 1.0703e-26, 1.2000e-23, 1.1716e-20, 7.1401e-19, 3.7348e-16, 2.4508e-14, 6.9457e-13, 9.4672e-12, 2.6902e-10, 2.8014e-09, 6.5961e-08, 1.4860e-06, 6.7449e-05, 7.9887e-04, 1.4309e-02, 2.2832e-02, 5.8464e-02, 4.6785e-02, 1.0092e-01, 1.6570e-01, 2.4473e-01, 1.9430e-01, 1.1891e-01, 3.2101e-02, 8.2183e-05, 6.5238e-08
1.3405e+04, 1.0000e-36, 1.0000e-36, 1.0000e-36, 1.0000e-36, 1.0000e-36, 1.0000e-36, 1.0000e-36, 1.0000e-36, 1.0000e-36, 1.0000e-36, 1.0000e-36, 1.0000e-36, 1.0000e-36, 1.0000e-36, 1.0000e-36, 1.0000e-36, 1.0000e-36, 1.0000e-36, 1.0000e-36, 1.0000e-36, 1.0000e-36, 1.0000e-36, 1.0000e-36, 1.0000e-36, 1.0000e-36, 1.0000e-36, 1.1518e-36, 1.7786e-33, 4.4930e-30, 4.3569e-28, 5.5630e-25, 6.1668e-22, 4.3761e-20, 2.6027e-17, 1.9890e-15, 6.5834e-14, 1.0504e-12, 3.4887e-11, 4.2597e-10, 1.1718e-08, 3.0797e-07, 1.5982e-05, 2.2077e-04, 4.6517e-03, 8.8615e-03, 2.7479e-02, 2.6737e-02, 6.9849e-02, 1.3898e-01, 2.4839e-01, 2.3958e-01, 1.7752e-01, 5.7494e-02, 2.2514e-04, 2.7464e-07
1.4815e+04, 1.0000e-36, 1.0000e-36, 1.0000e-36, 1.0000e-36, 1.0000e-36, 1.0000e-36, 1.0000e-36, 1.0000e-36, 1.0000e-36, 1.0000e-36, 1.0000e-36, 1.0000e-36, 1.0000e-36, 1.0000e-36, 1.0000e-36, 1.0000e-36, 1.0000e-36, 1.0000e-36, 1.0000e-36, 1.0000e-36, 1.0000e-36, 1.0000e-36, 1.0000e-36, 1.0000e-36, 1.0000e-36, 1.0000e-36, 1.0000e-36, 5.3082e-35, 1.5215e-31, 1.7103e-29, 2.4822e-26, 3.1186e-23, 2.5715e-21, 1.7356e-18, 1.5411e-16, 5.9435e-15, 1.1073e-13, 4.2881e-12, 6.1238e-11, 1.9630e-09, 6.0009e-08, 3.5515e-06, 5.7044e-05, 1.4084e-03, 3.1930e-03, 1.1930e-02, 1.4043e-02, 4.4171e-02, 1.0587e-01, 2.2739e-01, 2.6461e-01, 2.3576e-01, 9.1036e-02, 5.2947e-04, 9.6281e-07
1.6373e+04, 1.0000e-36, 1.0000e-36, 1.0000e-36, 1.0000e-36, 1.0000e-36, 1.0000e-36, 1.0000e-36, 1.0000e-36, 1.0000e-36, 1.0000e-36, 1.0000e-36, 1.0000e-36, 1.0000e-36, 1.0000e-36, 1.0000e-36, 1.0000e-36, 1.0000e-36, 1.0000e-36, 1.0000e-36, 1.0000e-36, 1.0000e-36, 1.0000e-36, 1.0000e-36, 1.0000e-36, 1.0000e-36, 1.0000e-36, 1.0000e-36, 1.5744e-36, 5.1124e-33, 6.6502e-31, 1.0952e-27, 1.5569e-24, 1.4888e-22, 1.1382e-19, 1.1718e-17, 5.2543e-16, 1.1406e-14, 5.1375e-13, 8.5606e-12, 3.1893e-10, 1.1312e-08, 7.6165e-07, 1.4185e-05, 4.0887e-04, 1.0999e-03, 4.9278e-03, 6.9849e-03, 2.6311e-02, 7.5532e-02, 1.9376e-01, 2.7031e-01, 2.8778e-01, 1.3176e-01, 1.1082e-03, 2.9226e-06
1.8096e+04, 1.0000e-36, 1.0000e-36, 1.0000e-36, 1.0000e-36, 1.0000e-36, 1.0000e-36, 1.0000e-36, 1.0000e-36, 1.0000e-36, 1.0000e-36, 1.0000e-36, 1.0000e-36, 1.0000e-36, 1.0000e-36, 1.0000e-36, 1.0000e-36, 1.0000e-36, 1.0000e-36, 1.0000e-36, 1.0000e-36, 1.0000e-36, 1.0000e-36, 1.0000e-36, 1.0000e-36, 1.0000e-36, 1.0000e-36, 1.0000e-36, 1.0000e-36, 1.7316e-34, 2.6023e-32, 4.8548e-29, 7.7972e-26, 8.6310e-24, 7.4624e-21, 8.8886e-19, 4.6247e-17, 1.1672e-15, 6.1017e-14, 1.1837e-12, 5.1134e-11, 2.0991e-09, 1.6044e-07, 3.4558e-06, 1.1590e-04, 3.6882e-04, 1.9728e-03, 3.3528e-03, 1.5050e-02, 5.1477e-02, 1.5681e-01, 2.6073e-01, 3.2980e-01, 1.7820e-01, 2.1157e-03, 7.8929e-06
2.0000e+04, 1.0000e-36, 1.0000e-36, 1.0000e-36, 1.0000e-36, 1.0000e-36, 1.0000e-36, 1.0000e-36, 1.0000e-36, 1.0000e-36, 1.0000e-36, 1.0000e-36, 1.0000e-36, 1.0000e-36, 1.0000e-36, 1.0000e-36, 1.0000e-36, 1.0000e-36, 1.0000e-36, 1.0000e-36, 1.0000e-36, 1.0000e-36, 1.0000e-36, 1.0000e-36, 1.0000e-36, 1.0000e-36, 1.0000e-36, 1.0000e-36, 1.0000e-36, 5.9672e-36, 1.0345e-33, 2.1831e-30, 3.9557e-27, 5.0598e-25, 4.9397e-22, 6.7948e-20, 4.0941e-18, 1.1990e-16, 7.2591e-15, 1.6361e-13, 8.1767e-12, 3.8759e-10, 3.3562e-08, 8.3403e-07, 3.2443e-05, 1.2180e-04, 7.7464e-04, 1.5720e-03, 8.3700e-03, 3.3948e-02, 1.2216e-01, 2.4077e-01, 3.5995e-01, 2.2854e-01, 3.7476e-03, 1.9335e-05
